CompanyName,PrevSymbol,NewSymbol,Date
 NIPPON INDIA MF - NIPPON INDIA Dual Advantage FTF  Sr. x Plan E -  GO,RDAXEDG,NDAXEDG,30-10-2019
 NIPPON INDIA MF - NIPPON INDIA Dual Advantage FTF  Sr. x Plan E - DPO,RDAXEDD,NDAXEDD,30-10-2019
 NIPPON INDIA MF - NIPPON INDIA Dual Advantage FTF  Sr. x Plan E-DPGO,RDAXEDDG,NDAXEDDG,30-10-2019
 NIPPON INDIA MF-NIPPON INDIA Dual Advantage FTF Sr.x Plan E- DP- DPO,RDAXEDDD,NDAXEDDD,30-10-2019
360 ONE WAM LIMITED,IIFLWAM,360ONE,23-01-2023
3M India Limited,BIRLA3M,3MINDIA,15-06-2004
3P Land Holdings Limited,PDUMJEAGRO,PDUMJEIND,28-03-2008
3P Land Holdings Limited,PDUMJEIND,3PLAND,04-05-2018
63 moons technologies limited,FINANTECH,63MOONS,19-01-2017
A2Z Infra Engineering Limited,A2ZMES,A2ZINFRA,31-12-2014
AJR INFRA AND TOLLING LIMITED,GAMMNINFRA,AJRINFRA,16-08-2021
AMBANI ORGOCHEM LIMITED,AMBANIORG,AMBANIORGO,01-08-2024
AMD Industries Limited,AMDMET,AMDIND,25-02-2008
ANDHRA PAPER LIMITED,IPAPPM,ANDPAPER,22-01-2020
ANDHRA PAPER LIMITED,APPAPER,IPAPPM,21-01-2014
ANDHRA PAPER LIMITED,ANDPAPER,ANDHRAPAP,05-03-2020
ANG Industries Limited,ANGAUTO,ANGIND,16-06-2010
ARVIND PORT AND INFRA LIMITED,ACSAL,ARVINDPORT,09-12-2024
ATLANTAA LIMITED,ATLANTA,ATLANTAA,15-12-2023
ATN International Limited,ARIHANTCRE,ATNINT,17-09-2003
AVRO INDIA LIMITED,AVONMPL,AVROIND,01-11-2019
AXISCADES Technologies Limited,IT&T,AXIS-IT&T,16-08-2005
AXISCADES Technologies Limited,AXIS-IT&T,AXISCADES,08-10-2014
AYM Syntex Limited,WELSYNTEX,AYMSYNTEX,03-02-2016
Aban Offshore Limited,ABANLOYD,ABAN,18-08-2006
Aban Offshore Limited,ABANLLOYD,ABANLOYD,17-01-2005
Abhishek Corporation Limited,AML,ABHISHEK,26-06-2008
Accelya Solutions India Limited,KALECONSUL,ACCELYA,06-09-2012
Adani Energy Solutions Limited,ADANITRANS,ADANIENSOL,24-08-2023
Adani Enterprises Limited,ADANIEXPO,ADANIENT,20-09-2006
Adani Ports and Special Economic Zone Limited,MUNDRAPORT,ADANIPORTS,17-01-2012
Adani Total Gas Limited,ADANIGAS,ATGL,13-01-2021
Aditya Birla Chemicals (India) Limited,BCCL,ABCIL,09-03-2009
Aditya Birla Chemicals (India) Limited,BIHARCAUST,BCCL,05-12-2005
Aditya Birla Fashion and Retail Limited,PFRL,ABFRL,29-01-2016
Aditya Birla Money Limited,APOLLOSIND,BIRLAMONEY,09-09-2009
Aditya Birla Nuvo Limited,INDRAYON,ABIRLANUVO,07-12-2005
Aditya Birla Real Estate Limited,CENTURYTEX,ABREL,10-10-2024
Ador Welding Limited,ADVANIORLI,ADORWELD,27-09-2004
Adroit Infotech Limited,SPHEREGSL,ADROITINFO,19-04-2018
Adroit Infotech Limited,COLORCHIPS,SPHEREGSL,13-10-2015
Adroit Infotech Limited,ARHAMFISCL,COLORCHIPS,04-04-2006
Advani Hotels & Resorts (India) Limited,RAMADHOTEL,ADVANIHOTR,25-06-2007
Aegis Logistics Limited,AEGISCHEM,AEGISLOG,07-06-2024
Aftek Limited,AFTEKINFO,AFTEK,27-11-2006
Agro Tech Foods Limited,ITCAGRO,ATFL,31-12-2002
Ajmera Realty & Infra India Limited,SHREE,AJMERA,23-06-2009
Akzo Nobel India Limited,ICI,AKZOINDIA,27-05-2010
Alembic Limited,ALMBICHEM,ALEMBICLTD,22-09-1999
Alicon Castalloy Limited,ENKEI,ALICON,04-03-2011
Allcargo Gati Limited,GATI,ACLGATI,30-11-2023
Alldigi Tech Limited,ALLSEC,ALLDIGI,27-09-2024
Amara Raja Energy & Mobility Limited,AMARAJABAT,ARE&M,27-10-2023
Ambuja Cement Rajasthan Limited,DLFCEMENT,AMBUJARAJN,20-08-2001
Ambuja Cements Limited,GUJAMBCEM,AMBUJACEM,24-07-2007
Amj Land Holdings Limited,PDUMJEPULP,AMJLAND,19-01-2018
Angel One Limited,ANGELBRKG,ANGELONE,11-11-2021
Anik Industries Limited,MPGLYCEM,ANIKINDS,21-05-2008
Ansal Properties & Infrastructure Limited,ANSALPROP,ANSALINFRA,27-01-2006
Ansal Properties & Infrastructure Limited,ANSALINFRA,ANSALAPI,14-05-2010
Apcotex Industries Limited,APCOTEXLAT,APCOTEXIND,01-11-2006
Arihant Academy Limited,AAL,ARIHANTACA,02-01-2023
Arrow Greentech Limited,ARROWCOAT,ARROWGREEN,11-05-2016
Arvind Limited,ARVINDMILL,ARVIND,07-07-2008
Arvind SmartSpaces Limited,ARVINFRA,ARVSMART,05-12-2016
AstraZeneca Pharma India Limited,ASTRAIDL,ASTRAZEN,10-04-2007
Atcom Technologies Limited,ATCOIND,ATCOM,29-04-2004
Atul Limited,ATULPROD,ATUL,10-03-2005
Aurum PropTech Limited,MAJESCO,AURUM,22-10-2021
Ausom Enterprise Limited,COREBIO,COREEMBLG,15-10-2001
Ausom Enterprise Limited,COREEMBLG,AUSOMENT,01-12-2009
Automotive Stampings and Assemblies Limited,JBMT,ASAL,14-10-2003
Aventus Buildcon Limited,RATNAINFRA,AVENTUS,03-08-2017
Axis Bank Limited,UTIBANK,AXISBANK,16-08-2007
Aztecsoft Limited,AZTEC,AZTECSOFT,20-09-2006
BALAXI PHARMACEUTICALS LIMITED,ANANDAMRUB,BALAXI,27-09-2017
BIRLASOFT LIMITED,KPIT,BSOFT,26-02-2019
BOROSIL RENEWABLES LIMITED,BOROSIL,BORORENEW,20-02-2020
BS Limited,BSTRANSCOM,BSLIMITED,29-11-2012
BSEL Infrastructure Realty Limited,BSELINFO,BSELINFRA,12-03-2004
Baba Agro Food Limited,SKML,BABAFOOD,27-05-2019
Bajaj Consumer Care Limited,BAJAJCORP,BAJAJCON,15-01-2019
Bajaj Finance Limited,BAJAUTOFIN,BAJFINANCE,29-09-2010
Bajaj Holdings & Investment Limited,BAJAJAUTO,BAJAJHLDNG,14-03-2008
Balkrishna Paper Mills Limited,NIRVIKARA,BALKRISHNA,06-09-2016
Banco Products (I) Limited,BANCOPROD,BANCOINDIA,22-12-2006
Bhagyanagar India Limited,BAGYAMETAL,BHAGYNAGAR,12-09-2006
Bhansali Engineering Polymers Limited,BHANSALENG,BEPL,21-03-2005
Bharat Bijlee Limited,BARATBIJLE,BBL,21-11-2006
Bharat Financial Inclusion Limited,SKSMICRO,BHARATFIN,01-07-2016
Bharati Defence and Infrastructure Limited,BHARTISHIP,BHARATIDIL,26-02-2016
Bharti Airtel Limited,BHARTI,BHARTIARTL,19-06-2006
Birla Cable Limited,BIRLAERIC,BIRLACABLE,26-09-2016
Birla Corporation Limited,BIRLAJUTE,BIRLACORPN,28-07-2008
Birla Power Solutions Limited,BIRLAYAMAH,BIRLAPOWER,06-06-2007
Bkm Industries Limited,MANAKINDST,BKMINDST,23-11-2017
Black Box Limited,AVAYAGCL,AGCNET,08-06-2010
Black Box Limited,AGCNET,BBOX,03-12-2021
Black Box Limited,TATATELECM,AVAYAGCL,01-11-2004
Blue Coast Hotels Limited,MOREPENHTL,BLUECOAST,05-12-2006
Bosch Chassis Systems India Limited,KALYANBRAK,BOSCHCHASY,10-02-2006
Bosch Limited,MICO,BOSCHLTD,28-02-2008
Brabourne Enterprises Limited,RPGLS,BRABOURNE,14-03-2008
Brabourne Enterprises Limited,SEARLEIND,RPGLS,05-12-2006
Brightcom Group Limited,LYCOS,BCG,08-10-2018
CARYSIL LIMITED,ACRYSIL,CARYSIL,18-11-2022
CARYSIL LIMITED,1201210518,ACRYSIL,12-01-2021
CG Power and Industrial Solutions Limited,CROMPGREAV,CGPOWER,08-03-2017
CIE Automotive India Limited,MAHINDCIE,CIEINDIA,19-06-2023
CORE Education & Technologies Limited,COREPROTEC,COREEDUTEC,07-09-2011
COSMO FIRST LIMITED,COSMOFILMS,COSMOFIRST,25-07-2022
Capital First Limited,FCH,CAPF,06-12-2012
Capri Global Capital Limited,MMFSL,CGCL,05-08-2013
Career Point Limited,CPIL,CAREERP,16-11-2011
Carol Info Services Limited,WOCKLIFE,CAROLINFO,27-09-2004
Castex Technologies Limited,AMTEKINDIA,CASTEXTECH,11-06-2015
Centurion Bank of Punjab Limited,CENBNK,CENTBOP,06-12-2005
Chennai Petroleum Corporation Limited,MADRASREFN,CHENNPETRO,09-08-2000
Chettinad Cement Corporation Limited,CHETNADCEM,CHETTINAD,17-05-2007
Cholamandalam Financial Holdings Limited,TIFIN,CHOLAHLDNG,09-04-2019
Cholamandalam Investment and Finance Company Limited,CHOLADBS,CHOLAFIN,22-06-2010
Cholamandalam Investment and Finance Company Limited,CHOLAINV,CHOLADBS,01-06-2006
Cineline India Limited,CINEPRO,CINELINE,23-08-2013
Clariant Chemicals (India) Limited,COLORCHEM,CLNINDIA,05-06-2006
Coforge Limited,NIITTECH,COFORGE,20-08-2020
Coral Hub Limited,VITLINFO,CORALHUB,26-07-2010
Coromandel International Limited,COROMNFERT,COROMANDEL,12-10-2009
Country Condo's Limited,NEOCURE,COUNCODOS,31-08-2012
Crest Animation Studios Limited,CRESTCOMM,CRESTANI,04-01-2005
Crest Ventures Limited,SHARYANRES,SHARRESLTD,27-12-2006
Crest Ventures Limited,SHARRESLTD,CREST,16-10-2014
Cummins India Limited,KIRLOSKCUM,CUMMINSIND,17-06-2005
Cura Technologies Limited,SOFTPRO,CURATECH,23-11-2010
Cyient Limited,INFOTECENT,CYIENT,22-05-2014
DCB Bank Limited,DCB,DCBBANK,15-01-2014
DCM Shriram Limited,DCMSRMCONS,DCMSHRIRAM,13-03-2014
DEEP ENERGY RESOURCES LIMITED,DEEPIND,DEEPENR,30-09-2020
DELPHI WORLD MONEY LIMITED,WEIZFOREX,EBIXFOREX,20-03-2020
DELPHI WORLD MONEY LIMITED,EBIXFOREX,DELPHIFX,01-09-2021
DIC India Limited,COATESIND,DICIND,06-09-2004
DMCC SPECIALITY CHEMICALS LIMITED,DHARAMSI,DMCC,02-11-2022
DSP  Mutual Fund - DSP Nifty 50 ETF,DSPN50ETF,NIFTY50ADD,15-02-2024
DSP  Mutual Fund - DSP Nifty 50 Equal Weight ETF,DSPNEWETF,EQUAL50ADD,15-02-2024
DSP  Mutual Fund - DSP Nifty Bank ETF,DSPBANKETF,BANKETFADD,15-02-2024
DSP  Mutual Fund - DSP Nifty Midcap 150 Quality 50 ETF,DSPQ50ETF,MIDQ50ADD,15-02-2024
DSP  Mutual Fund - DSP Silver ETF,DSPSILVETF,SILVERADD,15-02-2024
DSP BSE Sensex ETF,DSPSENXETF,SENSEXADD,15-02-2024
DSP Mutual Fund - DSP Gold ETF,DSPGOLDETF,GOLDETFADD,15-02-2024
DSP Mutual Fund - DSP Nifty IT ETF,DSPITETF,ITETFADD,15-02-2024
DSP Mutual Fund - DSP Nifty PSU Bank ETF,DSPPSBKETF,PSUBANKADD,15-02-2024
DSP Mutual Fund - DSP Nifty Private Bank ETF,DSPPVBKETF,PVTBANKADD,15-02-2024
Dalmia Bharat Limited,DALMIABEL,DALMIABHA,09-01-2013
Dalmia Bharat Sugar and Industries Limited,DALMIACEM,DALMIASUG,30-09-2010
Dalmia Refractories Limited,SHRINATRAJ,DALMIAREF,22-05-2014
Datamatics Global Services Limited,DATATECH,DATAMATICS,20-04-2009
De Nora India Limited,TITANOCOMP,DENORA,20-08-2007
Deccan Cements Limited,DECCANCEM,DECCANCE,02-08-2007
Delta Corp Limited,ARROWGROUP,DELTACORP,11-12-2008
Delta Manufacturing Limited,GPELECT,DELTAMAGNT,15-12-2008
Dewan Housing Finance Corporation Limited,DEWANHOUS,DHFL,22-05-2012
Dhani Loans and Services Limited,ICFL,DHANILOANS,17-09-2020
Dhani Services Limited,IBVENTURES,DHANI,28-10-2020
Dhani Services Limited,IBVENTPP,DHANIPP,28-10-2020
Dhani Services Limited,IBSEC,IBVENTURES,01-04-2015
Dhunseri Ventures Limited,DTIL,DPTL,26-07-2010
Dhunseri Ventures Limited,DPTL,DPL,12-11-2014
Dhunseri Ventures Limited,DPL,DVL,02-01-2019
DiGiSPICE Technologies Limited,SPICEMOBI,DIGISPICE,28-08-2019
DiGiSPICE Technologies Limited,SPICEMOBIL,SMOBILITY,26-07-2011
DiGiSPICE Technologies Limited,SMOBILITY,SPICEMOBI,19-08-2014
Digjam Limited,BVXL,DIGJAM,28-04-2008
Dolat Algotech Limited,DOLAT,DOLATALGO,20-12-2021
Dr. Datson's Labs Limited,AANJANEYA,DRDATSONS,02-09-2013
Ducon Infratechnologies Limited,DYNATECH,DUCON,11-05-2016
E-Land Apparel Limited,MUDRA,ELAND,13-03-2015
EIH Associated Hotels Limited,OBERHOTEL,EIHAHOTELS,08-04-2008
EPL Limited,ESSELPACK,EPL,19-10-2020
Edelweiss Fixed Maturity Plan - Series 14 - DP-GO,JD14G,ED14G,28-11-2016
Edelweiss Fixed Maturity Plan - Series 14 - Direct Plan - Dividend,JD14D,ED14D,28-11-2016
Edelweiss Fixed Maturity Plan - Series 14 - Regular Plan - Dividend,JP14D,E14D,28-11-2016
Edelweiss Fixed Maturity Plan - Series 14 - Regular Plan - Growth,JP14G,E14G,28-11-2016
Edelweiss Fixed Maturity Plan - Series 20 - Direct Plan - Dividend,JD20D,ED20D,28-11-2016
Edelweiss Fixed Maturity Plan - Series 20 - Direct Plan - Growth,JD20G,ED20G,28-11-2016
Edelweiss Fixed Maturity Plan - Series 20 - Regular Plan - Dividend,JP20D,E20D,28-11-2016
Edelweiss Fixed Maturity Plan - Series 20 - Regular Plan - Growth,JP20G,E20G,28-11-2016
Edelweiss Fixed Maturity Plan - Series 35 - Direct Plan - Growth,JD35G,ED35G,28-11-2016
Edelweiss Fixed Maturity Plan - Series 35 - Regular Plan - Dividend,JP35D,E35D,28-11-2016
Edelweiss Fixed Maturity Plan - Series 35 - Regular Plan - Growth,JP35G,E35G,28-11-2016
Edelweiss Fixed Maturity Plan - Series 37 - Direct Plan - Growth,JD37G,ED37G,28-11-2016
Edelweiss Fixed Maturity Plan - Series 37 - Regular Plan - Dividend,JP37D,E37D,28-11-2016
Edelweiss Fixed Maturity Plan - Series 37 - Regular Plan - Growth,JP37G,E37G,28-11-2016
Edelweiss Fixed Maturity Plan - Series 38 - Direct Plan - Growth,JD38G,ED38G,28-11-2016
Edelweiss Fixed Maturity Plan - Series 38 - Regular Plan - Dividend,JP38D,E38D,28-11-2016
Edelweiss Fixed Maturity Plan - Series 38 - Regular Plan - Growth,JP38G,E38G,28-11-2016
Edelweiss Fixed Maturity Plan - Series 40 - Direct Plan - Growth,JD40G,ED40G,28-11-2016
Edelweiss Fixed Maturity Plan - Series 40 - Regular Plan - Dividend,JP40D,E40D,28-11-2016
Edelweiss Fixed Maturity Plan - Series 40 - Regular Plan - Growth,JP40G,E40G,28-11-2016
Edelweiss Fixed Maturity Plan - Series 502 - Dividend Option,J502D,E502D,28-11-2016
Edelweiss Fixed Maturity Plan - Series 502 - Growth Option,J502G,E502G,28-11-2016
Edelweiss Income Fund - Series 501 - Dividend,J501D,E501D,28-11-2016
Edelweiss Income Fund - Series 501 - Growth,J501G,E501G,28-11-2016
Elecon Engineering Company Limited,ELECONENGG,ELECON,29-09-2006
Elgi Rubber Company Limited,ELGITYRE,ELGIRUBBER,22-12-2008
Emami Realty Limited,EMAMIINFRA,EMAMIREAL,15-11-2018
Entegra Limited,INDUJENERT,ENTEGRA,25-04-2007
Eon Electric Limited,INDOASIFU,EONELECT,18-08-2011
Epigral Limited,MFL,EPIGRAL,11-09-2023
Equinox India Developments Limited,IBREALEST,EMBDL,08-07-2024
Equippp Social Impact Technologies Limited,PROINDIA,EQUIPPP,30-11-2021
Era Infra Engineering Limited,ERACONS,ERAINFRA,25-02-2008
Everest Industries Limited,ETERNEVRST,EVERESTIND,27-05-2005
Excel Realty N Infra Limited,EXCELINFO,EXCEL,05-05-2015
Exide Industries Limited,CHLORIDIND,EXIDEIND,12-09-2005
Expleo Solutions Limited,THINKSOFT,SQSBFSI,30-09-2014
Expleo Solutions Limited,SQSBFSI,EXPLEOSOL,02-05-2019
FORCE MOTORS LTD,BAJAJTEMPO,FORCEMOT,19-08-2019
Fame India Limited,SHRINGAR,FAME,25-02-2008
Fedders Electric and Engineering Limited,FEDDERLOYD,FEDDERELEC,13-06-2017
Federal-Mogul Goetze (India) Limited.,GOETZEIND,FMGOETZE,12-09-2006
Fidelity Mutual Fund - Fidelity Fixed Maturity Plan -SVI- Plan F - DP,FIFMPS6FD,LTFMPS6FD,14-01-2013
Flextronics Software Systems Limited,HUGHESSOFT,FSS,17-03-2005
Fresenius Kabi Oncology Limited,DABURPHARM,FKONCO,19-02-2009
Future Consumer Limited,FCEL,FCONSUMER,25-10-2016
Future Consumer Limited,FVIL,FCEL,17-10-2013
Future Enterprises Limited,FRL,FEL,13-05-2016
Future Enterprises Limited,FRLDVR,FELDVR,13-05-2016
Future Enterprises Limited,PANTALOONR,FRL,11-04-2013
Future Enterprises Limited,PRETAILDVR,FRLDVR,11-04-2013
Future Market Networks Limited,AGRE,FMNL,06-03-2012
G-TEC JAINX EDUCATION LIMITED,KEERTI,GTECJAINX,12-09-2023
GACM Technologies Limited,STAMPEDE,GATECH,14-07-2023
GACM Technologies Limited,SCAPDVR,GATECHDVR,08-08-2023
GB Global Limited,MIL,GBGLOBAL,09-09-2019
GE Power India Limited,ABBALPO,APIL,19-05-2003
GE Power India Limited,AIL,GEPIL,14-09-2016
GE Power India Limited,APIL,AIL,11-07-2012
GE T&D India Limited,GECALSTHOM,AREVA,30-06-2008
GE T&D India Limited,ALSTOMT&D,GET&D,14-09-2016
GE T&D India Limited,AREVA,AREVAT&D,14-07-2008
GE T&D India Limited,AREVAT&D,ALSTOMT&D,12-03-2012
GE Vernova T&D India Limited,GET&D,GVT&D,05-11-2024
GFL Limited,GUJFLUORO,GFLLIMITED,25-07-2019
GMR Industries Limited,GMRVASAVI,GMRINDSTRS,28-04-2006
GMR Airports Infrastructure Limited,GMRINFRA,GMRAIRPORT,11-12-2024
GOCL Corporation Limited,GULFCORP,GOCLCORP,10-11-2015
GP Petroleums Limited,SAHPETRO,GULFPETRO,06-05-2015
GSL Nova Petrochemicals Limited,NOVA,GSLNOVA,18-12-2009
GSS Infotech Limited,GSSAMERICA,GSS,24-08-2011
GTL Limited,GLOBALTELE,GTL,14-01-2005
GTN Industries Limited,GTNTEXT,GTNIND,24-02-2006
GVP Infotech Limited,4THDIM,GVPTECH,31-07-2023
Ganesh Housing Corporation Limited,GANHSGFIN,GANESHHOUC,02-03-2007
Garware Technical Fibres Limited,GARWALLROP,GARFIBRES,13-08-2018
GeeCee Ventures Limited,GWALCHEM,GEECEE,05-03-2010
Genus Power Infrastructures Limited,GENUSOVERE,GENUSPOWER,14-01-2008
Geodesic Limited,GEOINFO,GEODESIC,06-10-2008
Geojit Financial Services Limited,GEOJIT,GEOJITBNPP,05-06-2009
Geojit Financial Services Limited,GEOJITBNPP,GEOJITFSL,02-03-2017
Gillette India Limited,INDSHAVING,GILLETTE,04-04-2006
GlaxoSmithKline Consumer Healthcare Limited,SMITKLBECH,GSKCONS,29-07-2003
Global Offshore Services Limited,GARWOFFS,GLOBOFFS,07-06-2011
Glodyne Technoserve Limited,PARADYNE,GLODYNE,19-11-2007
Golden Tobacco Limited,GTCIND,GOLDENTOBC,29-09-2008
Goldkart Jewels Limited,SONAHISONA,GOLDKART,01-12-2023
Government of India,692MH2039,692GS2039,25-11-2024
Graphite India Limited,CARBEVFLOW,GRAPHITE,13-01-2003
Greaves Cotton Limited,GREAVES,GREAVESCOT,09-09-2004
Greenply Industries Limited,MITTALLAMI,GREENPLY,09-12-2004
Groww Mutual Fund - Groww Nifty EV & New Age Automotive ETF,GROWEV,GROWWEV,23-08-2024
Gujarat Apollo Industries Limited,GUJAPOLIND,GUJAPOLLO,06-07-2007
Gujarat Apollo Industries Limited,GUJAPOLEQP,GUJAPOLIND,04-06-2007
Gulf Oil Corporation Limited,IDLCHEM,GULFOILCOR,08-11-2007
HCL Infosystems Limited,HCL-HP,HCL-INSYS,12-04-2000
HDFC Mutual Fund-HDFC Gold Exchange Traded Fund,HDFCMFGETF,HDFCGOLD,16-06-2023
HDFC NIFTY 50 ETF,HDFCNIFETF,HDFCNIFTY,16-06-2023
HDFC NIFTY Bank ETF,HBANKETF,HDFCNIFBAN,16-06-2023
HDFC S&P BSE SENSEX ETF,HDFCSENETF,HDFCSENSEX,16-06-2023
HIL Limited,HYDRBADIND,HIL,26-10-2012
HLV LIMITED,HOTELEELA,HLVLTD,08-01-2020
HSBC InvestDirect (India) Limited,INVSTSMART,HINVDIR,07-09-2009
HSIL Limited,HINDSANIT,HSIL,27-04-2009
HSIL Limited,HSIL,AGI,11-05-2022
Heads UP Ventures Limited,TMRVL,HEADSUP,18-07-2022
HeidelbergCement India Limited,MYSORECEM,HEIDELBERG,15-05-2009
Hero MotoCorp Limited,HEROHONDA,HEROMOTOCO,08-08-2011
Heubach Colorants India Limited,CLNINDIA,HEUBACHIND,10-03-2023
Himadri Speciality Chemical Limited,HCIL,HSCL,16-08-2016
Himadri Speciality Chemical Limited,HIMADCHEM,HCIL,02-03-2007
Hindalco Industries Limited,HINDALC0,HINDALCO,27-08-2007
Hinduja Foundries Limited,ENNOREFO,HINDUJAFO,24-03-2008
Hinduja Global Solutions Limited,HGSL,HGS,30-11-2011
Hinduja Global Solutions Limited,HTMTGLOBAL,HGSL,23-01-2009
Hinduja TMT Limited,HINDUJAFIN,HTMT,13-01-2003
Hindustan Construction Company Limited,HINDCONS,HCC,10-07-2006
Hindustan Unilever Limited,HINDLEVER,HINDUNILVR,19-07-2007
Hindware Home Innovation Limited,SHIL,HINDWAREAP,21-06-2022
Hitech Corporation Limited,HITECHPLAS,HITECHCORP,23-05-2017
Honda India Power Products Limited,SHRMHONDA,HONDAPOWER,04-04-2006
Honeywell Automation India Limited,TATAHONEY,HONAUT,24-03-2005
Hubtown Limited,AKRUTI,ACKRUTI,30-06-2009
Hubtown Limited,ACKRUTI,HUBTOWN,15-11-2011
Huhtamaki India Limited,PAPERPROD,HUHTAMAKI,26-11-2020
ICICI PRUDENTIAL MUTUAL FUND - ICICI Prudential Nifty FMCG ETF,ICICIFMCG,FMCGIETF,20-12-2023
ICICI PRUDENTIAL MUTUAL FUND - ICICI Prudential Nifty Healthcare ETF,ICICIPHARM,HEALTHIETF,20-12-2023
ICICI PRUDENTIAL MUTUAL FUND - ICICI Prudential Nifty IT ETF,ICICITECH,ITIETF,20-12-2023
ICICI PRUDENTIAL MUTUAL FUND - ICICI Prudential Nifty Midcap 150 ETF,ICICIM150,MIDCAPIETF,20-12-2023
ICICI Pru Mutual Fund-ICICI Prudential Nifty 10 yr Benchmark G-Sec ETF,ICICI10GS,GSEC10IETF,20-12-2023
ICICI Prudential BSE 500 ETF,ICICI500,BSE500IETF,20-12-2023
ICICI Prudential BSE Liquid Rate ETF,ICICILIQ,LIQUIDIETF,20-12-2023
ICICI Prudential Bank ETF Nifty Bank Index,IPRU5008,ICICIBANKN,19-07-2019
ICICI Prudential Gold ETF,IGOLD,GOLDIWIN,25-07-2016
ICICI Prudential Gold ETF,GOLDIWIN,ICICIGOLD,10-04-2018
ICICI Prudential Gold ETF,IPGETF,IGOLD,05-05-2014
ICICI Prudential MF - ICICI Prudential IF S1 - DQDP,IPRU8112,IPRU8122,16-12-2013
ICICI Prudential MF - ICICI Prudential Nifty 200 Quality 30 ETF,ICICIQTY30,QUAL30IETF,20-12-2023
ICICI Prudential Midcap Select ETF,IMIDCAP,MIDCAPIWIN,25-07-2016
ICICI Prudential Midcap Select ETF,MIDCAPIWIN,ICICIMCAP,10-04-2018
ICICI Prudential Mutual Fund -  ICICI Pru Nifty 200 Momentum 30 ETF,ICICIMOM30,MOM30IETF,20-12-2023
ICICI Prudential Mutual Fund - BHARAT 22 ETF,BHARATIWIN,ICICIB22,19-04-2018
ICICI Prudential Mutual Fund - ICICI Pru Nifty Fin Ser Ex-Bank ETF,ICICIFIN,FINIETF,20-12-2023
ICICI Prudential Mutual Fund - ICICI Prudential  Nifty Auto ETF,ICICIAUTO,AUTOIETF,20-12-2023
ICICI Prudential Mutual Fund - ICICI Prudential Nifty Commodities ETF,ICICICOMMO,COMMOIETF,20-12-2023
ICICI Prudential Mutual Fund - ICICI Prudential Nifty Next 50 ETF,ICICINXT50,NEXT50IETF,20-12-2023
ICICI Prudential Mutual Fund - ICICI Prudential Nifty PSU Bank ETF,PSUBANKICI,PSUBNKIETF,20-12-2023
ICICI Prudential Mutual Fund - ICICI Prudential Silver ETF,ICICISILVE,SILVERIETF,20-12-2023
ICICI Prudential Mutual Fund-ICICI Prudential Nifty Infrastructure ETF,ICICIINFRA,INFRAIETF,20-12-2023
ICICI Prudential NV20 ETF,INV20,NV20IWIN,25-07-2016
ICICI Prudential NV20 ETF,NV20IWIN,ICICINV20,10-04-2018
ICICI Prudential Nifty 100 ETF,ICNX100,NIF100IWIN,25-07-2016
ICICI Prudential Nifty 100 ETF,NIF100IWIN,ICICINF100,10-04-2018
ICICI Prudential Nifty 100 ETF,ICCNX100,ICNX100,05-05-2014
ICICI Prudential Nifty 5 Yr Benchmark G-SEC ETF,ICICI5GSEC,GSEC5IETF,20-12-2023
ICICI Prudential Nifty Alpha Low Volatility 30 ETF,ICICIALPLV,ALPL30IETF,20-12-2023
ICICI Prudential Nifty ETF,INIFTY,NIFTYIWIN,25-07-2016
ICICI Prudential Nifty ETF,NIFTYIWIN,ICICINIFTY,10-04-2018
ICICI Prudential Nifty ETF,NIFETF,INIFTY,05-05-2014
ICICI Prudential Nifty India Consumption ETF,ICICICONSU,CONSUMIETF,20-12-2023
ICICI Prudential Nifty Low Vol 30 ETF,LOWVOLIWIN,ICICILOVOL,10-04-2018
ICICI Prudential Nifty Private Bank ETF - NIFTY PRIVATE BANK INDEX,ICICIBANKP,PVTBANIETF,20-12-2023
ICICI Prudential Sensex ETF,ISENSEX,SENSEXIWIN,25-07-2016
ICICI Prudential Sensex ETF,SPICE,ISENSEX,18-08-2014
ICICI Prudential Sensex ETF,SENSEXIWIN,ICICISENSX,10-04-2018
IDFC First Bank Limited,IDFCBANK,IDFCFIRSTB,16-01-2019
IG Petrochemicals Limited,IGPETRO,IGPL,29-01-2007
IIFL Capital Services Limited,IIFLSEC,IIFLCAPS,03-12-2024
IIFL Finance Limited,INDIAINFO,IIFL,13-03-2014
IL&FS Engineering and Construction Company Limited,MAYTASINFR,IL&FSENGG,08-02-2011
IL&FS Transportation Networks Limited,ILFSTRANS,IL&FSTRANS,16-04-2010
INCREDIBLE INDUSTRIES LIMITED,ADHUNIKIND,INCREDIBLE,20-05-2021
INEOS Styrolution India Limited,LANABS,INEABS,21-07-2008
INEOS Styrolution India Limited,INEABS,STYABS,20-06-2012
INEOS Styrolution India Limited,ABSIND,LANABS,14-06-2005
INEOS Styrolution India Limited,STYABS,INEOSSTYRO,04-04-2016
ING Vysya Bank Limited,VYSYABANK,INGVYSYABK,16-08-2005
IOL Netcom Limited,IOLB,IOLN,18-02-2008
ITD Cementation India Limited,TRAFALHSE,ITDCEM,16-08-2005
IVRCL Assets & Holdings Limited,IVRPRIME,IVRCLAH,13-04-2010
IZMO Limited,LOGIXMICRO,IZMO,15-05-2015
Igarashi Motors India Limited,CGIGARSH,IGARASHI,21-04-2005
Imagicaaworld Entertainment Limited,ADLABS,IMAGICAA,22-04-2020
Indbank Merchant Banking Services Limited,INDBANKMER,INDBANK,08-10-2008
India Infoline Finance Limited,IIISL,IIFLFIN,27-08-2012
Indo Count Industries Limited,INDOCOUNT,ICIL,12-09-2005
Indus Towers Limited,INFRATEL,INDUSTOWER,18-12-2020
Infomedia India Limited,TATAPRESS,TATAINFO,17-09-2003
Infosys Limited,INFOSYSTCH,INFY,29-06-2011
Insecticides (India) Limited,IILTD,INSECTICID,11-05-2009
Inspirisys Solutions Limited,AFL,INSPIRISYS,12-10-2018
Interise Trust,INDINFR,INTERISE,12-11-2024
Interise Trust,INTERISE,INTERISE,12-11-2024
Invesco India Gold Exchange Traded Fund,RELIGAREGO,IVZINGOLD,23-06-2016
Invesco India Nifty Exchange Traded Fund,RELGRNIFTY,IVZINNIFTY,23-06-2016
Invesco MF – Invesco India AIF - Sr 1 - Pl B - DS-P-GO,RIMFAI1BDG,IVZINA1BDG,23-06-2016
Invesco MF – Invesco India AIF - Sr 1 - Pl B - RS-P-GO,RIMFAI1BRG,IVZINA1BRG,23-06-2016
JBM Auto Limited,JBMAUTOCOM,JBMA,04-01-2006
JD Orgochem Limited,JAYSYNTDYE,JDORGO,13-09-2004
JSW Holdings Limited,JINDALSWHL,JSWHL,30-07-2013
JSW ISPAT Steel Limited,ISPATIND,JSWISPAT,16-08-2011
JSW Ispat Special Products Limited,AIONJSW,JSWISPL,12-10-2020
JSW Steel Limited,JSWSTL,JSWSTEEL,16-09-2005
JTL INDUSTRIES LIMITED,JTLINFRA,JTLIND,21-11-2022
Jai Balaji Industries Limited,BALASPONGE,JAIBALAJI,10-08-2007
Jaiprakash Power Ventures Limited,JPHYDRO,JPPOWER,08-01-2010
Jayaswal Neco Industries Limited,NAGPURENG,JAYNECOIND,22-02-2008
Jindal Saw Limited,SAWPIPES,JINDALSAW,18-02-2005
Jindal Stainless Limited,JSTAINLESS,JSL,23-10-2008
Johnson Controls - Hitachi Air Conditioning India Limited,HITACHIHOM,JCHAC,12-09-2016
Johnson Controls - Hitachi Air Conditioning India Limited,AMTREXAPPL,HITACHIHOM,04-04-2006
Jtekt India Limited,SONASTEER,JTEKTINDIA,23-04-2018
Jubilant Pharmova Limited,VAMORGANIC,JUBILANT,30-09-2003
Jubilant Pharmova Limited,JUBILANT,JUBLPHARMA,12-02-2021
Jupiter Wagons Limited,CEBBCO,JWL,20-06-2022
KBC Global Limited,KARDA,KBCGLOBAL,16-12-2021
KPI Green Energy Limited,KPIGLOBAL,KPIGREEN,27-04-2022
KSS Limited,KSERAPRO,KSERASERA,07-03-2011
Kalpataru Projects International Limited,KALPATPOWR,KPIL,06-06-2023
Kalyani Steels Limited,KALYANISTL,KALSTEELS,21-10-2008
Kamdhenu Limited,KIL,KAMDHENU,18-03-2016
Kansai Nerolac Paints Limited,GOODLASNER,KANSAINER,26-07-2006
Karuturi Global Limited,KNL,KGL,20-11-2008
Kennametal India Limited,WIDIA,KENNAMET,19-08-2019
Kesar Enterprises Limited,KESARENTER,KESARENT,02-01-2007
Keynote Financial Services Limited,KEYCORPSER,KEYFINSERV,03-05-2019
Kinetic Motor Company Limited,KINHONDA,KINETICMOT,20-09-2004
Kingfisher Airlines Limited,AIRDECCAN,KFA,06-10-2008
Kiri Industries Limited,KIRIDYES,KIRIINDUS,28-03-2011
Kirloskar Electric Company Limited,KIRELECTRI,KECL,09-03-2010
Kohinoor Foods Limited,SATNAMOVER,KOHINOOR,18-08-2006
Kokuyo Camlin Limited,CAMLIN,KOKUYOCMLN,14-02-2012
Kotak Mahindra Bank Limited,KOTAKMAH,KOTAKBANK,21-04-2003
Kotak Mahindra MF - Kotak NV 20 ETF - DPO,KTKNV20ETF,KOTAKNV20,21-12-2015
Kotak Mahindra Mutual Fund - Kotak Nifty 1D Rate Liquid ETF,KOTAKLIQ,LIQUID1,20-03-2024
Kotak Mahindra Mutual Fund - Kotak Nifty Alpha 50 ETF,KOTAKALPHA,ALPHA,20-03-2024
Kotak Mahindra Mutual Fund - Kotak Nifty MNC ETF,KOTAKMNC,MNC,20-03-2024
Kotak Mahindra Mutual Fund - Kotak Silver ETF,KOTAKSILVE,SILVER1,16-04-2024
Kotak Mutual Fund - Gold Exchange Traded Fund,KOTAKGOLD,GOLD1,16-04-2024
Kotak Nifty 100 Low Volatility 30 ETF,KOTAKLOVOL,LOWVOL1,20-03-2024
Kotak Nifty 50 ETF,KOTAKNIFTY,NIFTY1,20-03-2024
Kotak Nifty Bank ETF,KOTAKBKETF,BANKNIFTY1,20-03-2024
Kotak Nifty IT ETF,KOTAKIT,IT,20-03-2024
Kotak Nifty India Consumption ETF,KOTAKCONS,CONS,20-03-2024
Kotak Nifty Midcap 50 ETF,KOTAKMID50,MIDCAP,20-03-2024
Kotak Nifty PSU Bank ETF,KOTAKPSUBK,PSUBANK,20-03-2024
Ksb Limited,KSBPUMPS,KSB,23-10-2018
Kundan Minerals and Metals Limited,EASTSUGIND,KUNDANMM,09-10-2024
L&T Finance Limited,L&TFH,LTF,23-04-2024
L&T Fixed Maturity Plan Series - VI Plan F,FIFMPS6FG,LTFMPS6FG,14-01-2013
L&T Fixed Maturity Plane Series - VI Plan E,FIFMPS6EG,LTFMPS6EG,14-01-2013
L&T Fixed Maturiy Plan Series - VI Plan F,FIFMPS6ED,LTFMPS6ED,14-01-2013
LEEL Electricals Limited,LLOYDELENG,LEEL,19-06-2017
LIC MF - LIC MF EXCHANGE TRADED FUND - NIFTY 50,LICNFENGP,LICNETFN50,30-12-2015
LIC MF - LIC MF G-sec LT ETF - GO,LICNMFET,LICNETFGSC,30-12-2015
LIC MF Gold EXCHANGE TRADED FUND,IDBIGOLD,LICMFGOLD,31-07-2023
LIC Mutual Fund - LIC MF EXCHANGE TRADED FUND - SENSEX,LICNFESGP,LICNETFSEN,30-12-2015
LLOYDS ENGINEERING WORKS LIMITED,LSIL,LLOYDSENGG,16-10-2023
LMW Limited,LAXMIMACH,LMW,10-10-2024
LT Foods Limited,DAAWAT,LTFOODS,06-11-2023
LTIMindtree Limited,LTI,LTIM,05-12-2022
Linc Limited,LINCPEN,LINC,20-12-2021
Linde India Limited,IOL,BOC,10-03-2005
Linde India Limited,BOC,LINDEINDIA,10-04-2013
Lotte India Corporation Limited,PARRYSCON,LOTTEINDIA,17-12-2004
MIRAE ASSET MUTUAL FUND - Mirae Asset Nifty 100 ESG Sector Leaders ETF,MAESGETF,ESG,01-09-2023
MM Forgings Limited,MMFORGINGS,MMFL,20-12-2006
MODISON LIMITED,MODISNME,MODISONLTD,16-08-2022
MPS Limited,MACMILLAN,MPSLTD,11-09-2009
Maan Aluminium Limited,MANALU,MAANALU,16-03-2011
Madura Coats Limited,COATVIYELA,MADURACOAT,29-11-2002
Mahindra CIE Automotive Limited,MAHINDFORG,MAHINDCIE,17-12-2013
Mahindra Lifespace Developers Limited,GESCOCORP,MAHLIFE,23-11-2007
Man Industries (India) Limited,MANALUMN,MANINDS,24-06-2005
Marico Limited,MARICOIND,MARICO,14-06-2005
Marksans Pharma Limited,TASCPHARMA,MARKSANS,14-11-2005
Max Financial Services Limited,MAX,MFSL,26-02-2016
Mercator Limited,MLL,MERCATOR,08-12-2011
Metalyst Forgings Limited,AHMEDFORGE,METALFORGE,01-06-2015
Metkore Alloys & Industries Limited,GMRFER,CRONIMET,02-06-2010
Metkore Alloys & Industries Limited,CRONIMET,METKORE,02-04-2012
Micro Inks Limited,HINDINKS,MICRO,26-03-2004
Mirae Asset Mutual Fund - MIRAE ASSET NIFTY NEXT 50 ETF (MANXT50) - Mi,MANXT50,NEXT50,01-09-2023
Mirae Asset Mutual Fund - Mirae Asset Gold ETF,MAGOLDETF,GOLDETF,01-09-2023
Mirae Asset Mutual Fund - Mirae Asset Nifty 100 Low Volatility 30 ETF,MANV30F,LOWVOL,01-09-2023
Mirae Asset Mutual Fund - Mirae Asset Nifty 50 ETF,MAN50ETF,NIFTYETF,01-09-2023
Mirae Asset Mutual Fund - Mirae Asset Nifty 8-13 yr G-Sec ETF,MAGS813ETF,GSEC10YEAR,01-09-2023
Mirae Asset Mutual Fund - Mirae Asset Nifty Financial Services ETF,MAFSETF,BFSI,01-09-2023
Mirae Asset Mutual Fund - Mirae Asset Nifty India Manufacturing ETF,MAMFGETF,MAKEINDIA,01-09-2023
Mirae Asset Mutual Fund - Mirae Asset Nifty Midcap 150 ETF,MAM150ETF,MIDCAPETF,01-09-2023
Mirae Asset Mutual Fund - Mirae Asset Silver ETF,MASILVER,SILVRETF,01-09-2023
Mirza International Limited,MIRZATAN,MIRZAINT,05-07-2006
Mohota Industries Limited,MOHOTAMILL,MOHOTAIND,26-12-2017
Mohota Industries Limited,RAIREKMOH,MOHOTAMILL,01-08-2017
Motilal Oswal Mutual Fund - Motilal Oswal 5 Year G Sec ETF - Growth,G5,MOGSEC,16-06-2021
Motilal Oswal Mutual Fund - Motilal Oswal MOSt Shares M100 ETF GO,M100,MOM100,16-06-2021
Motilal Oswal Mutual Fund - Motilal Oswal MOSt Shares M50 ETF,M50,MOM50,16-06-2021
Motilal Oswal Mutual Fund-Motilal Oswal MOSt Shares NASDAQ 100 ETF -GO,N100,MON100,16-06-2021
MphasiS Limited,MPHASISBFL,MPHASIS,26-12-2006
MphasiS Limited,BFLSOFTWAR,MPHASISBFL,15-06-2004
NACL Industries Limited,NAGAAGRI,NACLIND,29-09-2017
NAVA LIMITED,NAVBARFERO,NBVENTURES,31-07-2006
NAVA LIMITED,NBVENTURES,NAVA,29-07-2022
NCC Limited,NAGARCONST,NCC,15-03-2011
NDL Ventures Limited,NXTDIGITAL,NDLVENTURE,09-05-2023
NIPPON INDIA ETF CONSUMPTION,RELCONS,NETFCONSUM,30-10-2019
NIPPON INDIA ETF CONSUMPTION,NETFCONSUM,CONSUMBEES,10-05-2022
NIPPON INDIA ETF LONG TERM GILT,RRSLGETF,NETFLTGILT,08-07-2016
NIPPON INDIA ETF NIFTY 100,RELCNX100,NETFNIF100,30-10-2019
NIPPON INDIA ETF NIFTY 100,NETFNIF100,NIF100BEES,10-05-2022
NIPPON INDIA ETF NIFTY MIDCAP 150,RETFMID150,NETFMID150,30-10-2019
NIPPON INDIA ETF NIFTY MIDCAP 150,NETFMID150,MID150BEES,10-05-2022
NIPPON INDIA ETF NV20,RELNV20,NETFNV20,22-06-2015
NIPPON INDIA ETF NV20,NETFNV20,NV20BEES,10-05-2022
NIPPON INDIA MF - NIPPON INDIA Dual Adv FTF Sr III Pl A - DP-GO,RDAIIIADG,NDAIIIADG,30-10-2019
NIPPON INDIA MF - NIPPON INDIA Dual Adv FTF Sr III Pl A - DPO,RDAIIIARD,NDAIIIARD,30-10-2019
NIPPON INDIA MF - NIPPON INDIA Dual Adv FTF Sr III Pl A - GO,RDAIIIARG,NDAIIIARG,30-10-2019
NIPPON INDIA MF - NIPPON INDIA Dual Adv FTF Sr IX Pl D - DP-DPO,RDAIXDDD,NDAIXDDD,30-10-2019
NIPPON INDIA MF - NIPPON INDIA Dual Adv FTF Sr IX Pl D - DP-GO,RDAIXDDG,NDAIXDDG,30-10-2019
NIPPON INDIA MF - NIPPON INDIA Dual Adv FTF Sr IX Pl D - DPO,RDAIXDD,NDAIXDD,30-10-2019
NIPPON INDIA MF - NIPPON INDIA Dual Adv FTF Sr IX Pl D - GO,RDAIXDG,NDAIXDG,30-10-2019
NIPPON INDIA MF - NIPPON INDIA Dual Adv FTF Sr IX Pl E - DP-DPO,RDAIXEDDD,NDAIXEDDD,30-10-2019
NIPPON INDIA MF - NIPPON INDIA Dual Adv FTF Sr IX Pl E - DP-GO,RDAIXEDDG,NDAIXEDDG,30-10-2019
NIPPON INDIA MF - NIPPON INDIA Dual Adv FTF Sr IX Pl E - DPO,RDAIXEDD,NDAIXEDD,30-10-2019
NIPPON INDIA MF - NIPPON INDIA Dual Adv FTF Sr IX Pl E - GO,RDAIXEDG,NDAIXEDG,30-10-2019
NIPPON INDIA MF - NIPPON INDIA Dual Adv FTF Sr IX Pl F - DP-DPO,RDAIXFDDD,NDAIXFDDD,30-10-2019
NIPPON INDIA MF - NIPPON INDIA Dual Adv FTF Sr IX Pl F - DP-GO,RDAIXFDDG,NDAIXFDDG,30-10-2019
NIPPON INDIA MF - NIPPON INDIA Dual Adv FTF Sr IX Pl F - DPO,RDAIXFDD,NDAIXFDD,30-10-2019
NIPPON INDIA MF - NIPPON INDIA Dual Adv FTF Sr IX Pl F - GO,RDAIXFDG,NDAIXFDG,30-10-2019
NIPPON INDIA MF - NIPPON INDIA Dual Adv FTF Sr VII Pl C - DP-GO,RDAVIIPCDG,NDAVIIPCDG,30-10-2019
NIPPON INDIA MF - NIPPON INDIA Dual Adv FTF Sr VII Pl D - DP-DPO,RDAVIIPDDD,NDAVIIPDDD,30-10-2019
NIPPON INDIA MF - NIPPON INDIA Dual Adv FTF Sr VII Pl D - DP-GO,RDAVIIPDDG,NDAVIIPDDG,30-10-2019
NIPPON INDIA MF - NIPPON INDIA Dual Adv FTF Sr VII Pl D - DPO,RDAVIIPDD,NDAVIIPDD,30-10-2019
NIPPON INDIA MF - NIPPON INDIA Dual Adv FTF Sr VII Pl D - O,RDAVIIPDG,NDAVIIPDG,30-10-2019
NIPPON INDIA MF - NIPPON INDIA Dual Adv FTF Sr VIII Pl C - DP-DPO,RDAFVIIICX,NDAFVIIICX,30-10-2019
NIPPON INDIA MF - NIPPON INDIA Dual Adv FTF Sr VIII Pl C - DPO,RDAFVIIICD,NDAFVIIICD,30-10-2019
NIPPON INDIA MF - NIPPON INDIA Dual Adv FTF Sr X Pl A - DP-DPO,RDAXADDD,NDAXADDD,30-10-2019
NIPPON INDIA MF - NIPPON INDIA Dual Adv FTF Sr X Pl A - DP-GO,RDAXADDG,NDAXADDG,30-10-2019
NIPPON INDIA MF - NIPPON INDIA Dual Adv FTF Sr X Pl A - DPO,RDAXADD,NDAXADD,30-10-2019
NIPPON INDIA MF - NIPPON INDIA Dual Adv FTF Sr X Pl A - GO,RDAXADG,NDAXADG,30-10-2019
NIPPON INDIA MF - NIPPON INDIA Dual Adv FTF Sr X Pl D - DP-DPO,RDAXDDDD,NDAXDDDD,30-10-2019
NIPPON INDIA MF - NIPPON INDIA Dual Adv FTF Sr X Pl D - DP-GO,RDAXDDDG,NDAXDDDG,30-10-2019
NIPPON INDIA MF - NIPPON INDIA Dual Adv FTF Sr X Pl D - DPO,RDAXDDD,NDAXDDD,30-10-2019
NIPPON INDIA MF - NIPPON INDIA Dual Adv FTF Sr X Pl D - GO,RDAXDDG,NDAXDDG,30-10-2019
NIPPON INDIA MF - NIPPON INDIA Dual Adv FTF V - Pl C - DP-GO ,RDAFTVCDG,NDAFTVCDG,30-10-2019
NIPPON INDIA MF - NIPPON INDIA Dual Adv FTF V - Pl C - DPO,RDAFTFVCD,NDAFTFVCD,30-10-2019
NIPPON INDIA MF - NIPPON INDIA Dual Adv FTF V - Pl C - GO,RDAFTFVCG,NDAFTFVCG,30-10-2019
NIPPON INDIA MF - NIPPON INDIA Dual Advantage FTF XI Plan C - DP - DPO,RDAXICDDD,NDAXICDDD,30-10-2019
NIPPON INDIA MF - NIPPON INDIA Dual Advantage FTF XI Plan C - DP - GO,RDAXICDDG,NDAXICDDG,30-10-2019
NIPPON INDIA MF - NIPPON INDIA Dual Advantage FTF XI Plan C - DPO,RDAXICDD,NDAXICDD,30-10-2019
NIPPON INDIA MF - NIPPON INDIA Dual Advantage FTF XI Plan C - GO,RDAXICDG,NDAXICDG,30-10-2019
NIPPON INDIA MF - NIPPON INDIA IF - AIF S-I - IDR,RMFINAIDR1,NMFINAIDR1,30-10-2019
NIPPON INDIA MF - NIPPON INDIA Intr Fund - QIF SR I-DIV,RMFINQADP1,NMFINQADP1,30-10-2019
NIPPON INDIA MF - NIPPON INDIA Intr Fund - QIF SR I-GRW,RMFINQRAG1,NMFINQRAG1,30-10-2019
NIPPON INDIA MF - Nippon India DA Fixed Tenure Fund   Sr x Plan B - GO,RDAXBDG,NDAXBDG,30-10-2019
NIPPON INDIA MF- Nippon India DA Fixed Tenure Fund Sr x Plan B - DPO,RDAXBDD,NDAXBDD,30-10-2019
NIPPON INDIA MF- Nippon India DA Fixed Tenure Fund Sr x Plan B-DP-DPO,RDAXBDDD,NDAXBDDD,30-10-2019
NIPPON INDIA MF-Nippon India  Dual Adv. Fix. Ten. Fund Sr.x Plan C-GO,RDAXCDG,NDAXCDG,30-10-2019
NIPPON INDIA MF-Nippon India  Dual Adv. Fix.Ten. Fund Sr.x Plan C-DPO,RDAXCDD,NDAXCDD,30-10-2019
NIPPON INDIA MF-Nippon India DA Fixed Tenure Fund Sr x Plan B -DP - GO,RDAXBDDG,NDAXBDDG,30-10-2019
NIPPON INDIA MF-Nippon India Dual Adv.FixTen. Fund Sr.x Plan C-DP-GO,RDAXCDDG,NDAXCDDG,30-10-2019
NIPPON INDIA MF-Nippon India DualAdv. Fix.Ten. Fund Sr.x Plan C-DP-DPO,RDAXCDDD,NDAXCDDD,30-10-2019
NIPPON INDIA MUTUAL FUND  - NIPPON INDIA DA-FTF IV-P-C-D,RDAFTFIVCD,NDAFTFIVCD,30-10-2019
NIPPON INDIA MUTUAL FUND  - NIPPON INDIA DA-FTF IV-P-C-DD,RDAFTIVCDD,NDAFTIVCDD,30-10-2019
NIPPON INDIA MUTUAL FUND  - NIPPON INDIA DA-FTF IV-P-C-DG,RDAFTIVCDG,NDAFTIVCDG,30-10-2019
NIPPON INDIA MUTUAL FUND  - NIPPON INDIA DA-FTF IV-P-C-G,RDAFTFIVCG,NDAFTFIVCG,30-10-2019
NIPPON INDIA MUTUAL FUND  - NIPPON INDIA DAFTF II - P - G - DP,RDAFTIIPGD,NDAFTIIPGD,30-10-2019
NIPPON INDIA MUTUAL FUND  - NIPPON INDIA DAFTF II - P - G - Growth,RDAFTIIPGG,NDAFTIIPGG,30-10-2019
NIPPON INDIA MUTUAL FUND  - NIPPON INDIA Dual Ad FTF XI Plan A - GO,RDAXIADG,NDAXIADG,30-10-2019
NIPPON INDIA MUTUAL FUND  - NIPPON INDIA Dual Ad FTF XI Plan D-DPDPO,RDAXIDDDD,NDAXIDDDD,30-10-2019
NIPPON INDIA MUTUAL FUND  - NIPPON INDIA Dual Ad FTF XI Plan D-DPGO,RDAXIDDDG,NDAXIDDDG,30-10-2019
NIPPON INDIA MUTUAL FUND  - NIPPON INDIA Dual Ad FTF XI Plan D-GO,RDAXIDDG,NDAXIDDG,30-10-2019
NIPPON INDIA MUTUAL FUND  - NIPPON INDIA Dual Ad FTF XII Plan A-DPDPO,RDAXIIADDD,NDAXIIADDD,30-10-2019
NIPPON INDIA MUTUAL FUND - NIPPON INDIA Dual Ad FTF V- Plan H - DPDPO,RDAFDVHDR,NDAFDVHDR,30-10-2019
NIPPON INDIA MUTUAL FUND - NIPPON INDIA Dual Ad FTF V- Plan H - DPGO,RDAFDVHGR,NDAFDVHGR,30-10-2019
NIPPON INDIA MUTUAL FUND - NIPPON INDIA Dual Ad FTF V- Plan H - DPO,RDAFTVHDR,NDAFTVHDR,30-10-2019
NIPPON INDIA MUTUAL FUND - NIPPON INDIA Dual Ad FTF V- Plan H - GO,RDAFTVHGR,NDAFTVHGR,30-10-2019
NIPPON INDIA MUTUAL FUND - NIPPON INDIA Dual Ad FTF XI Plan A - DPDPO,RDAXIADDD,NDAXIADDD,30-10-2019
NIPPON INDIA MUTUAL FUND - NIPPON INDIA Dual Ad FTF XI Plan A - DPGO,RDAXIADDG,NDAXIADDG,30-10-2019
NIPPON INDIA MUTUAL FUND - NIPPON INDIA Dual Ad FTF XI Plan A - DPO,RDAXIADD,NDAXIADD,30-10-2019
NIPPON INDIA MUTUAL FUND - NIPPON INDIA Dual Ad Fixed Tenure Fund Seri,RDAXFDDD,NDAXFDDD,30-10-2019
NIPPON INDIA MUTUAL FUND -NIPPON INDIA Dual Ad Fixed Tenure Fund  Seri,RDAXFDD,NDAXFDD,30-10-2019
NIPPON INDIA MUTUAL FUND -NIPPON INDIA Dual Ad Fixed Tenure Fund XI (P,RDAXIEDG,NDAXIEDG,30-10-2019
NIPPON INDIA MUTUAL FUND- NIPPON INDIA Dual Ad FTF XI Plan D-DPO,RDAXIDDD,NDAXIDDD,30-10-2019
NIPPON INDIA MUTUAL FUND- NIPPON INDIA Dual Ad FTF XI Sr XI Plan B-DPO,RDAXIBDD,NDAXIBDD,30-10-2019
NIPPON INDIA MUTUAL FUND- NIPPON INDIA Dual Ad FTF XI SrXI Plan B-DPGO,RDAXIBDDG,NDAXIBDDG,30-10-2019
NIPPON INDIA MUTUAL FUND- NIPPON INDIA Dual Ad FTF XII Plan A-DPGO,RDAXIIADDG,NDAXIIADDG,30-10-2019
NIPPON INDIA MUTUAL FUND- NIPPON INDIA Dual Ad FTF XII Plan A-DPO,RDAXIIADD,NDAXIIADD,30-10-2019
NIPPON INDIA MUTUAL FUND- NIPPON INDIA Dual Ad FTF XII Plan A-GO,RDAXIIADG,NDAXIIADG,30-10-2019
NIPPON INDIA MUTUAL FUND- NIPPON INDIA Dual Ad Fixed Tenure Fund  Seri,RDAXFDDG,NDAXFDDG,30-10-2019
NIPPON INDIA MUTUAL FUND- NIPPON INDIA Dual Ad Fixed Tenure Fund  Seri,RDAXFDG,NDAXFDG,30-10-2019
NIPPON INDIA MUTUAL FUND- NIPPON INDIA Dual Ad Fixed Tenure Fund V- Pl,RDAFVGDD,NDAFVGDD,30-10-2019
NIPPON INDIA MUTUAL FUND- NIPPON INDIA Dual Ad Fixed Tenure Fund V- Pl,RDAFVGDG,NDAFVGDG,30-10-2019
NIPPON INDIA MUTUAL FUND- NIPPON INDIA Dual Ad Fixed Tenure Fund V- Pl,RDAFVGDO,NDAFVGDO,30-10-2019
NIPPON INDIA MUTUAL FUND- NIPPON INDIA Dual Ad Fixed Tenure Fund V- Pl,RDAFVGGO,NDAFVGGO,30-10-2019
NIPPON INDIA MUTUAL FUND- NIPPON INDIA Dual Ad Fixed Tenure Fund XI (P,RDAXIEDD,NDAXIEDD,30-10-2019
NIPPON INDIA MUTUAL FUND- NIPPON INDIA Dual Ad Fixed Tenure Fund XI (P,RDAXIEDDD,NDAXIEDDD,30-10-2019
NIPPON INDIA MUTUAL FUND- NIPPON INDIA Dual Ad Fixed Tenure Fund XI (P,RDAXIEDDG,NDAXIEDDG,30-10-2019
NIPPON INDIA MUTUAL FUND- NIPPON INDIA Int.Fund-QIF-SI-IP-DP-DPO,RMFINQIDP1,NMFINQIDP1,30-10-2019
NIPPON INDIA MUTUAL FUND-NIPPON INDIA Dual Ad FTF XI Sr XI Plan B - GO,RDAXIBDG,NDAXIBDG,30-10-2019
NIPPON INDIA MUTUAL FUND-NIPPON INDIA Dual Ad FTF XI SrXI Plan B-DPDPO,RDAXIBDDD,NDAXIBDDD,30-10-2019
NIPPON INDIA MUTUAL FUND-NIPPON INDIA Int. Fund-AIF-SI - RP- DP - RO,RMFINARDR1,NMFINARDR1,30-10-2019
NIPPON INDIA MUTUAL FUND-NIPPON INDIA Int. Fund-QIF-SI-RP-DP-DPO,RMFINQRDP1,NMFINQRDP1,30-10-2019
NLC India Limited,NEYVELILIG,NLCINDIA,04-08-2016
NXTDIGITAL LIMITED,HINDUJATMT,HINDUJAVEN,29-11-2007
NXTDIGITAL LIMITED,HINDUJAVEN,NXTDIGITAL,11-11-2019
Nagreeka Exports Limited,NAGREKAEXP,NAGREEKA,22-12-2005
Nahar Poly Films Limited,NAHARINVST,NAHARPOLY,15-06-2011
Nahar Poly Films Limited,NAHAREXPOT,NAHARINVST,01-11-2007
Nalwa Sons Investments Limited,JSTRIPS,NSIL,07-06-2005
Nandan Denim Limited,NANDANEXIM,NDL,21-11-2013
Nandani Creation Limited,NANDANI,JAIPURKURT,06-08-2021
Navneet Education Limited,NAVNETPUBL,NAVNETEDUL,19-09-2013
Net 4 India Limited,NET4INDIA,NET4,28-02-2011
Netvista Information Technology Limited,KRAFTIND,NETVISTAIT,09-08-2000
Neueon Towers Limited,SUJANATWR,NTL,17-02-2017
Next Mediaworks Limited,MID-DAY,NEXTMEDIA,15-06-2011
Nido Home Finance Limited,EHFLNCD,NIDO,18-07-2023
Nilkamal Limited,NILKAMPLST,NILKAMAL,05-01-2007
Nippon India Mutual Fund - ETF Nifty SDL - 2026 Maturity,NETFSDL26,SDL26BEES,10-05-2022
Nippon India Mutual Fund - Nippon India ETF 5 Year Gilt,NETFGILT5Y,GILT5YBEES,10-05-2022
Nippon India Mutual Fund - Nippon India Nifty Auto ETF,NETFAUTO,AUTOBEES,10-05-2022
Nippon India Mutual Fund - Nippon India Nifty Pharma ETF,NETFPHARMA,PHARMABEES,10-05-2022
Nippon India Mutual Fund - Nippon India Silver ETF,NETFSILVER,SILVERBEES,10-05-2022
Nippon India Mutual Fund-Nippon India ETF Nifty CPSE Bond Plus SDL-24,NCPSESDL24,SDL24BEES,10-05-2022
Nippon Life India Asset Management Limited,RNAM,NAM-INDIA,23-01-2020
Nippon Life India Asset Management Limited,NETFIT,ITBEES,10-05-2022
Noesis Industries Limited,MEDIA,MVLIND,20-02-2009
Noesis Industries Limited,MVLIND,NOESISIND,04-06-2014
NuCent Finance Limited,PRESSMAN,NUCENTFIN,20-08-2001
OCL India Limited,ORISSACEM,OCL,15-09-2004
OM INFRA LIMITED,OMMETALS,OMINFRAL,10-02-2021
ORIENT CERATECH LIMITED,ORIENTABRA,ORIENTCER,31-07-2023
ORTIN GLOBAL LIMITED,ORTINLAB,ORTINGLOBE,03-09-2024
Oberoi Realty Limited,OBEROIREAL,OBEROIRLTY,10-12-2010
Olectra Greentech Limited,GOLDTELE,GOLDINFRA,29-02-2008
Olectra Greentech Limited,GOLDINFRA,OLECTRA,26-07-2018
Oracle Financial Services Software Limited,I-FLEX,OFSS,18-09-2008
Orchid Pharma Limited,ORCHIDCHEM,ORCHIDPHAR,21-12-2015
Orient Bell Limited,ORIENTCERA,ORIENTBELL,17-04-2012
Oriental Trimex Limited,OTL,ORIENTALTL,17-12-2009
Oswal Greentech Limited,BINDALAGRO,OSWALGREEN,19-05-2023
PAE Limited,PREMAUTOEL,PAEL,23-11-2005
PGIM India Dual Advantage Fund - Series 1 - DPG,DPRMDAD1,PGIMDAD1G,22-08-2019
PGIM India Dual Advantage Fund - Series 1 - DPQDPO,DPRMDAD3,PGIMDAD3D,22-08-2019
PGIM India Dual Advantage Fund - Series 1 - DPRDPO,DPRMDAD2,PGIMDAD2D,22-08-2019
PGIM India Dual Advantage Fund - Series 1 - RPADPO,DPRMDAAD,PGIMDAADD,22-08-2019
PGIM India Dual Advantage Fund - Series 1 - RPG,DPRMDAGP,PGIMDAGPG,22-08-2019
PGIM India Dual Advantage Fund - Series 1 - RPQDPO,DPRMDAQD,PGIMDAQDD,22-08-2019
PGIM India Dual Advantage Fund - Series 1 - RPRDPO,DPRMDADP,PGIMDADPD,22-08-2019
PGIM India Fixed Duration Fund - Series 31 - DPG,PRM1SD1,PGIM1SD1G,22-08-2019
PGIM India Fixed Duration Fund - Series 31 - RPDPO,PRM1SDP,PGIM1SDPD,22-08-2019
PGIM India Fixed Duration Fund - Series 31 - RPG,PRM1SGP,PGIM1SGPG,22-08-2019
PGIM India Fixed Duration Fund - Series AA - DPG,DPRMAAD1,PGIMAAD1G,22-08-2019
PGIM India Fixed Duration Fund - Series AA - DPQDPO,DPRMAAD3,PGIMAAD3D,22-08-2019
PGIM India Fixed Duration Fund - Series AA - RPADPO,DPRMAAAD,PGIMAAADD,22-08-2019
PGIM India Fixed Duration Fund - Series AA - RPG,DPRMAAGP,PGIMAAGPG,22-08-2019
PGIM India Fixed Duration Fund - Series AA - RPQDPO,DPRMAAQD,PGIMAAQDD,22-08-2019
PGIM India Fixed Duration Fund - Series AB - DPG,DPRMABD1,PGIMABD1G,22-08-2019
PGIM India Fixed Duration Fund - Series AB - RPADPO,DPRMABAD,PGIMABADD,22-08-2019
PGIM India Fixed Duration Fund - Series AB - RPG,DPRMABGP,PGIMABGPG,22-08-2019
PGIM India Fixed Duration Fund - Series AB - RPQDPO,DPRMABQD,PGIMABQDD,22-08-2019
PGIM India Fixed Duration Fund - Series AB - RPRDPO,DPRMABDP,PGIMABDPD,22-08-2019
PGIM India Fixed Duration Fund - Series AC - DPADPO,DPRMACD4,PGIMACD4D,22-08-2019
PGIM India Fixed Duration Fund - Series AC - DPG,DPRMACD1,PGIMACD1G,22-08-2019
PGIM India Fixed Duration Fund - Series AC - DPRDPO,DPRMACD2,PGIMACD2D,22-08-2019
PGIM India Fixed Duration Fund - Series AC - RPADPO,DPRMACAD,PGIMACADD,22-08-2019
PGIM India Fixed Duration Fund - Series AC - RPG,DPRMACGP,PGIMACGPG,22-08-2019
PGIM India Fixed Duration Fund - Series AC - RPQDPO,DPRMACQD,PGIMACQDD,22-08-2019
PGIM India Fixed Duration Fund - Series AC - RPRDPO,DPRMACDP,PGIMACDPD,22-08-2019
PGIM India Fixed Duration Fund - Series AE - DPADPO,DPRMAED4,PGIMAED4D,22-08-2019
PGIM India Fixed Duration Fund - Series AE - DPG,DPRMAED1,PGIMAED1G,22-08-2019
PGIM India Fixed Duration Fund - Series AE - RPADPO,DPRMAEAD,PGIMAEADD,22-08-2019
PGIM India Fixed Duration Fund - Series AE - RPG,DPRMAEGP,PGIMAEGPG,22-08-2019
PGIM India Fixed Duration Fund - Series AE - RPRDPO,DPRMAEDP,PGIMAEDPD,22-08-2019
PGIM India Fixed Duration Fund - Series AF - DPADPO,DPRMFAD4,PGIMFAD4D,22-08-2019
PGIM India Fixed Duration Fund - Series AF - DPG,DPRMFAD1,PGIMFAD1G,22-08-2019
PGIM India Fixed Duration Fund - Series AF - RPADPO,DPRMFAAD,PGIMFAADD,22-08-2019
PGIM India Fixed Duration Fund - Series AF - RPG,DPRMFAGP,PGIMFAGPG,22-08-2019
PGIM India Fixed Duration Fund - Series AF - RPQDPO,DPRMFAQD,PGIMFAQDD,22-08-2019
PGIM India Fixed Duration Fund - Series AG - DPG,DPRMAGD1,PGIMAGD1G,22-08-2019
PGIM India Fixed Duration Fund - Series AG - RPG,DPRMAGGP,PGIMAGGPG,22-08-2019
PGIM India Fixed Duration Fund - Series AH - DPADPO,DPRMAHD4,PGIMAHD4D,22-08-2019
PGIM India Fixed Duration Fund - Series AH - DPG,DPRMAHD1,PGIMAHD1G,22-08-2019
PGIM India Fixed Duration Fund - Series AH - DPQDPO,DPRMAHD3,PGIMAHD3D,22-08-2019
PGIM India Fixed Duration Fund - Series AH - RPADPO,DPRMAHAD,PGIMAHADD,22-08-2019
PGIM India Fixed Duration Fund - Series AH - RPG,DPRMAHGP,PGIMAHGPG,22-08-2019
PGIM India Fixed Duration Fund - Series AH - RPQDPO,DPRMAHQD,PGIMAHQDD,22-08-2019
PGIM India Fixed Duration Fund - Series AP - DPG,DPRMAPD1G,PGIMAPD1G,22-08-2019
PGIM India Fixed Duration Fund - Series AP - RPG,DPRMAPGPG,PGIMAPGPG,22-08-2019
PGIM India Fixed Duration Fund - Series AP - RPSDPO,DPRMAPDPD,PGIMAPDPD,22-08-2019
PGIM India Fixed Duration Fund - Series AQ - DPG,DPRMAQD1G,PGIMAQD1G,22-08-2019
PGIM India Fixed Duration Fund - Series AQ - DPSDPO,DPRMAQD2D,PGIMAQD2D,22-08-2019
PGIM India Fixed Duration Fund - Series AQ - RPG,DPRMAQGPG,PGIMAQGPG,22-08-2019
PGIM India Fixed Duration Fund - Series AR - DPG,DPRMARD1G,PGIMRAD1G,22-08-2019
PGIM India Fixed Duration Fund - Series AR - RPG,DPRMARGPG,PGIMRAGPG,22-08-2019
PGIM India Fixed Duration Fund - Series AR - RPQDPO,DPRMARQDD,PGIMRAQDD,22-08-2019
PGIM India Fixed Duration Fund - Series AR - RPSDPO,DPRMARDPD,PGIMRADPD,22-08-2019
PGIM India Fixed Duration Fund - Series AT - DPG,DPRMATD1G,PGIMATD1G,22-08-2019
PGIM India Fixed Duration Fund - Series AT - RPG,DPRMATGPG,PGIMATGPG,22-08-2019
PGIM India Fixed Duration Fund - Series AT - RPQDPO,DPRMATQDD,PGIMATQDD,22-08-2019
PGIM India Fixed Duration Fund - Series AT - RPSDPO,DPRMATDPD,PGIMATDPD,22-08-2019
PGIM India Fixed Duration Fund - Series AU - DPG,DPRMAUD1G,PGIMAUD1G,22-08-2019
PGIM India Fixed Duration Fund - Series AU - RPG,DPRMAUGPG,PGIMAUGPG,22-08-2019
PGIM India Fixed Duration Fund - Series AU - RPQDPO,DPRMAUQDD,PGIMAUQDD,22-08-2019
PGIM India Fixed Duration Fund - Series AU - RPSDPO,DPRMAUDPD,PGIMAUDPD,22-08-2019
PGIM India Fixed Duration Fund - Series AY - DPG,DPRMAYD1G,PGIMAYD1G,22-08-2019
PGIM India Fixed Duration Fund - Series AY - RPG,DPRMAYGPG,PGIMAYGPG,22-08-2019
PGIM India Fixed Duration Fund - Series AZ - DPG,DPRMAZD1G,PGIMAZD1G,22-08-2019
PGIM India Fixed Duration Fund - Series AZ - RPG,DPRMAZGPG,PGIMAZGPG,22-08-2019
PGIM India Fixed Duration Fund - Series AZ - RPSDPO,DPRMAZDPD,PGIMAZDPD,22-08-2019
PGIM India Fixed Duration Fund - Series BA - DPG,DPRMBAD1G,PGIMBAD1G,22-08-2019
PGIM India Fixed Duration Fund - Series BA - RPG,DPRMBAGPG,PGIMBAGPG,22-08-2019
PGIM India Fixed Duration Fund - Series BA - RPQDPO,DPRMBAQDD,PGIMBAQDD,22-08-2019
PGIM India Fixed Duration Fund - Series BA - RPSDPO,DPRMBADPD,PGIMBADPD,22-08-2019
PGIM India Fixed Duration Fund - Series BB - DPG,DPRMBBD1G,PGIMBBD1G,22-08-2019
PGIM India Fixed Duration Fund - Series BB - RPG,DPRMBBGPG,PGIMBBGPG,22-08-2019
PGIM India Fixed Duration Fund - Series BB - RPQDPO,DPRMBBQDD,PGIMBBQDD,22-08-2019
PGIM India Fixed Duration Fund - Series BB - RPSDPO,DPRMBBDPD,PGIMBBDPD,22-08-2019
PGIM India Fixed Duration Fund - Series BC - DPG,DPRMBCD1G,PGIMBCD1G,22-08-2019
PGIM India Fixed Duration Fund - Series BC - DPSDT,DPRMBCD2S,PGIMBCD2S,22-08-2019
PGIM India Fixed Duration Fund - Series BC - RPG,DPRMBCGPG,PGIMBCGPG,22-08-2019
PGIM India Fixed Duration Fund - Series BC - RPQDPO,DPRMBCQDD,PGIMBCQDD,22-08-2019
PGIM India Fixed Duration Fund - Series BC - RPSDPO,DPRMBCDPD,PGIMBCDPD,22-08-2019
PGIM India Fixed Duration Fund - Series BE - DPG,DPRMBED1G,PGIMBED1G,22-08-2019
PGIM India Fixed Duration Fund - Series BE - RPG,DPRMBEGPG,PGIMBEGPG,22-08-2019
PGIM India Fixed Duration Fund - Series BE - RPQDPO,DPRMBEQDD,PGIMBEQDD,22-08-2019
PGIM India Fixed Duration Fund - Series BE - RPSDPO,DPRMBEDPD,PGIMBEDPD,22-08-2019
PGIM India Large Cap Fund Series 2 - DPDPO,DWSLCFS2DD,PGIMC6D2D,22-08-2019
PGIM India Large Cap Fund Series 2 - DPG,DWSLCFS2DG,PGIMC6D1G,22-08-2019
PGIM India Large Cap Fund Series 2 - RPDPO,DWSLCFS2RD,PGIMC6DPD,22-08-2019
PGIM India Large Cap Fund Series 2 - RPG,DWSLCFS2RG,PGIMC6GPG,22-08-2019
PIL ITALICA LIFESTYLE LIMITED,PILIND,PILITA,03-09-2015
PSL Limited,PSLHOLD,PSL,19-05-2003
PVP Ventures Limited,SOFTSOLINT,PVP,23-06-2008
PVR INOX Limited,PVR,PVRINOX,12-05-2023
Paisalo Digital Limited,SEINV,PAISALO,24-01-2018
Palred Technologies Limited,FOURSOFT,PALRED,16-01-2014
Panasonic AVC Networks India Company Limited.,MTAL,PAVCI,12-03-2004
Parrys Sugar Industries Limited,GMRINDS,PARRYSUGAR,02-12-2010
Pearl Global Industries Limited,HOPFL,PGIL,02-07-2012
Peninsula Land Limited,MORARJESPG,MORAREALTY,15-10-2004
Peninsula Land Limited,MORAREALTY,PENINLAND,09-06-2006
Pharmacia Healthcare Limited,ABBOTTLAB,PHARMACIA,24-03-2003
Phoenix Lamps Limited,HALONIX,PHOENIXLL,30-10-2013
Phoenix Lamps Limited,PHOENIXLMP,HALONIX,09-03-2009
Piramal Enterprises Limited,PIRHEALTH,PEL,21-09-2012
Piramal Enterprises Limited,NICOLASPIR,PIRHEALTH,19-06-2008
Piramal Glass Limited,GUJGLASS,PIRGLASS,12-05-2008
Piramal Phytocare Limited,PIRLIFE,PIRPHYTO,23-10-2013
Pitti Engineering Limited,PITTILAM,PITTIENG,06-06-2018
Poonawalla Fincorp Limited,MAGMA,POONAWALLA,05-08-2021
Precot Limited,PRECOTMILL,PRECOT,01-11-2006
Premier Limited,PREMAUTO,PREMIER,14-06-2005
Pressman Advertising Limited,NUCENT,PRESSMN,11-09-2013
Pricol Limited,PREMINSTR,PRICOL,16-08-2005
Prism Johnson Limited,PRISMCEM,PRSMJOHNSN,04-05-2018
Privi Speciality Chemicals Limited,ADI,FAIRCHEM,19-01-2017
Privi Speciality Chemicals Limited,FAIRCHEM,PRIVISCL,14-10-2020
Procter & Gamble Health Limited,MERCK,PGHL,11-06-2019
Procter & Gamble Health Limited,EMERCK,MERCK,05-11-2007
Procter & Gamble Hygiene and Health Care Limited,P&G,PGHH,07-07-2004
Proseed India Limited,GREENFIRE,PROSEED,18-07-2018
Prozone Intu Properties Limited,PROZONE,PROZONECSC,24-09-2012
Prozone Intu Properties Limited,PROZONECSC,PROZONINTU,07-10-2014
Prozone Realty Limited,PROZONINTU,PROZONER,04-08-2023
Quintegra Solutions Limited,SOFFIASOFT,QUINTEGRA,22-08-2005
RHI MAGNESITA INDIA LTD,ORIENTREF,RHIM,22-07-2021
RPG Cables Limited,RPGTELECOM,RPGCABLES,04-04-2006
RPG Transmission Limited,SAELTD,RPGTLTD,05-12-2006
RPSG VENTURES LIMITED,CESCVENT,RPSGVENT,01-02-2021
RSWM Limited,RAJASSPG,RSWM,01-09-2006
Rain Industries Limited,RAINCOM,RAIN,23-08-2013
Rain Industries Limited,PRIYADCEM,RAINCOM,03-03-2008
Rane Holdings Limited,RANEMADRAS,RANEHOLDIN,22-08-2005
RattanIndia Enterprises Limited,IBIPL,RTNINFRA,20-11-2014
RattanIndia Enterprises Limited,RTNINFRA,RTNINDIA,07-04-2021
RattanIndia Power Limited,IBPOW,RTNPOWER,20-11-2014
Reliance Broadcast Network Limited,RMEDIA,RBN,20-08-2010
Reliance Communications Limited,RCVL,RCOM,30-06-2006
Reliance Infrastructure Limited,REL,RELINFRA,16-05-2008
Reliance Infrastructure Limited,BSES,REL,12-03-2004
Reliance MediaWorks Limited,ADLABSFILM,RELMEDIA,20-10-2009
Reliance Naval and Engineering Limited,PIPAVAVYD,PIPAVAVDOC,29-09-2011
Reliance Naval and Engineering Limited,RDEL,RNAVAL,18-09-2017
Reliance Naval and Engineering Limited,PIPAVAVDOC,RDEL,18-03-2016
Renaissance Global Limited,RJL,RGL,08-04-2019
Revathi Equipment India Limited,REVATHIEQU,RVTH,26-11-2024
Roofit Industries Limited,RATNABLDG,ROOFITIND,15-09-1999
SBI-ETF Gold,SBIGETS,SETFGOLD,24-11-2015
SBI-ETF Nifty 50,SETFNIFTY,SETFNIF50,24-11-2015
SBI-ETF Nifty Bank,SETFBANK,SETFNIFBK,24-11-2015
SBI-ETF Nifty Next 50,SETFNIFJR,SETFNN50,24-11-2015
SECUREKLOUD TECHNOLOGIES LIMITED,8KMILES,SECURKLOUD,20-01-2021
SEJAL GLASS LIMITED,SEZAL,SEJAL,16-08-2021
SEMAC CONSULTANTS LIMITED,REVATHI,SEMAC,21-09-2023
SI Group - India Limited,SCHENHERD,SIGROUPIND,28-11-2006
SI Group - India Limited,HERDILCHEM,SCHENHERD,04-04-2006
SIL Investments Limited,SUTLEJINDS,SILINV,21-06-2007
SKF India Limited,SKFBEARING,SKFINDIA,20-10-2004
SKIL Infrastructure Limited,HORIZONINF,SKIL,24-03-2014
SKIL Infrastructure Limited,HORIZONBAT,HORIZONINF,22-02-2008
SML Isuzu Limited,SWARAJMAZD,SMLISUZU,17-01-2011
SONAM LIMITED,SONAMCLOCK,SONAMLTD,15-11-2023
SORIL Infra Resources Limited,IBRETAILS,STOREONE,26-10-2009
SORIL Infra Resources Limited,STOREONE,SORILINFRA,10-01-2017
SORIL Infra Resources Limited,PIRAMYDRET,IBRETAILS,09-06-2008
SOVEREIGN GOLD BONDS 2.50% JULY 2029 SR-IV 2021-22,SGBJUN29IV,SGBJUL29IV,28-07-2021
SPICEJET LTD,MODILUFT,SPICEJET,19-08-2019
SPML Infra Limited,SUBHASPROJ,SPMLINFRA,14-05-2010
SREI Infrastructure Finance Limited,SREINTFIN,SREINFRA,21-07-2010
SVOGL Oil Gas And Energy Limited,SHIV-VANI,SVOGL,23-10-2015
Sagar Cements Limited,SAGARCEM,SAGCEM,29-01-2007
Sambhaav Media Limited,PERLENGINF,SAMBHAAV,18-10-2005
Sammaan Capital Limited,IBULHSGFIN,SAMMAANCAP,26-07-2024
Sammaan Capital Limited,IBULPP,SCLPP,26-07-2024
Sampann Utpadan India Limited,SEPOWER,SAMPANN,23-08-2023
Samvardhana Motherson International Limited,MOTHERSUMI,MOTHERSON,09-06-2022
Sanofi India Limited,HOECHST,AVENTIS,19-05-2003
Sanofi India Limited,AVENTIS,SANOFI,11-07-2012
Saregama India Limited,GRAMOPHONE,SAREGAMA,20-08-2001
Sastasundar Ventures Limited,MICROSEC,SASTASUNDR,22-11-2016
Sathavahana Ispat Limited,SATHVANISP,SATHAISPAT,27-12-2006
Savita Oil Technologies Limited,SAVITACHEM,SOTL,24-08-2009
Schaeffler India Limited,FAGPRECISN,FAGBEARING,20-08-2001
Schaeffler India Limited,FAGBEARING,SCHAEFFLER,01-08-2017
Seamec Limited,PEERLESHIP,SEAMECLTD,20-08-2001
Setubandhan Infrastructure Limited,PRAKASHCON,SETUINFRA,30-07-2019
Sezal Glass Limited,SEJALGLASS,SEZALGLASS,14-07-2010
Shah Metacorp Limited,GAL,SHAH,03-07-2023
Shalimar Paints Limited,SHALMPAINT,SHALPAINTS,03-03-2008
Shasun Pharmaceuticals Limited,SHASUNCHEM,SHASUNPHAR,28-01-2011
Shekhawati Industries Limited,SPYL,SHEKHAWATI,09-08-2024
Shirpur Gold Refinery Limited,AGEEGOLD,SHIRPUR-G,17-01-2013
Shiva Texyarn Limited,ANAMALFIN,SHIVTEX,22-01-2004
Shreyas Shipping & Logistics Limited,SHREYASHIP,SHREYAS,03-04-2006
Shri Aster Silicates Limited,ASTERSILI,SHRIASTER,03-02-2014
Shriram Finance Limited,SRTRANSFIN,SHRIRAMFIN,20-12-2022
Simplex Infrastructures Limited,SIMPLEXCON,SIMPLEXINF,21-12-2005
Siti Networks Limited,SITICABLE,SITINET,17-08-2016
Siti Networks Limited,WWIL,SITICABLE,03-10-2012
Siyaram Silk Mills Limited,SIYARSILK,SIYSIL,29-01-2007
Smartlink Holdings Limited,D-LINK,SMARTLINK,29-07-2009
Solar Industries India Limited,SOLAREX,SOLARINDS,13-04-2009
Somany Ceramics Limited,SPLLTD,SOMANYCERA,21-03-2007
Sovereign Gold Bonds 2.75% NOV 2023 Tr-I,GBNOV23,SBNOV23,15-09-2016
Sovereign Gold Bonds 2.75% NOV 2023 Tr-I,SBNOV23,SGBNOV23,15-09-2016
Spentex Industries Limited,SPENTXIND,SPENTEX,20-12-2006
Sri Havisha Hospitality and Infrastructure Limited,SHAKTIGAS,HAVISHA,12-04-2018
Srikalahasthi Pipes Limited,LANCOIND,LANCOIN,28-08-2007
Srikalahasthi Pipes Limited,LANCOIN,SRIPIPES,17-12-2014
Stel Holdings Limited,SENTINEL,STEL,08-11-2011
Sterling Biotech Limited,STERLINTEA,STERLINBIO,09-07-2003
Sterlite Technologies Limited,STRTECH,STLTECH,29-10-2020
Sterlite Technologies Limited,STROPTICAL,STRTECH,17-12-2007
Styrenix Performance Materials Limited,INEOSSTYRO,STYRENIX,20-01-2023
Summit Securities Limited,KECINTL,KECINFRA,21-02-2006
Summit Securities Limited,KECINFRA,SUMMIT,21-04-2008
Sunflag Iron And Steel Company Limited,SUNFLAGIRN,SUNFLAG,29-09-2005
Supreme Tex Mart Limited,SUPREMYARN,SUPREMETEX,15-02-2008
Surana Solar Limited,SURANAVEL,SURANASOL,19-11-2014
Surana Telecom and Power Limited,SURANATELE,SURANAT&P,08-02-2010
Swelect Energy Systems Limited,NUMERICPW,SWELECTES,09-07-2012
TATA CONSUMER PRODUCTS LIMITED,TATAGLOBAL,TATACONSUM,27-02-2020
TATA CONSUMER PRODUCTS LIMITED,TATATEA,TATAGLOBAL,21-07-2010
TGB Banquets And Hotels Limited,BHAGWATIHO,TGBHOTELS,31-05-2013
TITAGARH RAIL SYSTEMS LIMITED,TWL,TITAGARH,19-06-2023
TRANSWORLD SHIPPING LINES LIMITED,SHREYAS,TRANSWORLD,23-10-2024
TV18 Broadcast Limited,IBN18,TV18BRDCST,19-07-2011
TV18 Broadcast Limited,GBN,IBN18,15-05-2008
TVS Holdings Limited,SUNCLAYLTD,TVSHLTD,10-08-2023
TVS Motor Company Limited,TVS-SUZUKI,TVSMOTOR,03-12-2001
TVS Srichakra Limited,SRICHAKTYR,TVSSRICHAK,13-02-2007
Tarmat Limited,ROMAN,TARMAT,12-09-2012
Tata Coffee Limited,CONSCOFFEE,TATACOFFEE,04-04-2006
Tata Communications Limited,VSNL,TATACOMM,25-02-2008
Tata Investment Corporation Limited,INVESTCORP,TATAINVEST,07-07-2005
Tata Motors Limited,TELCO,TATAMOTORS,26-12-2003
Tata Steel Bsl Limited,BHUSANSTL,TATASTLBSL,10-12-2018
Tata Steel Limited,TISCO,TATASTEEL,17-10-2005
Tata Steel Long Products Limited,IPITATASPO,TATASPONGE,11-02-2004
Tata Steel Long Products Limited,TATASPONGE,TATASTLLP,03-09-2019
Tata Teleservices (Maharashtra) Limited,HUGHESTELE,TATATELSER,25-06-2003
Tata Teleservices (Maharashtra) Limited,TATATELSER,TTML,14-01-2005
Teamo Productions HQ Limited,GISOLUTION,TPHQ,20-10-2023
Techindia Nirman Limited,NATHSEED,TECHIN,31-10-2014
Tembo Global Industries Limited,SAKETH,TEMBO,13-04-2020
Texmaco Infrastructure & Holdings Limited,TEXMACOLTD,TEXINFRA,20-03-2012
The Investment Trust Of India Limited,FORTUNEFIN,THEINVEST,25-07-2018
The Madras Aluminium Company Limited,MADRASALMN,MALCO,12-04-2007
The Ramco Cements Limited,MADRASCEM,RAMCOCEM,30-09-2013
Timken India Limited,TATATIMKEN,TIMKEN,06-02-2007
Tips Music Limited,TIPSINDLTD,TIPSMUSIC,30-09-2024
Tirupati Forge Limited,FORGE,TIRUPATIFL,15-01-2018
Torrent Power AEC Limited,AHMEDELEC,TORRENTAEC,17-06-2005
Torrent Power SEC Limited,SURATELEC,TORRENTSEC,07-06-2005
Transformers And Rectifiers (India) Limited,TRIL,TARIL,26-08-2024
Trent Limited,LAKME,TRENT,07-06-2004
Trident Limited,ABSHEKINDS,TRIDENT,03-05-2011
Trigyn Technologies Limited,LEADEDSYS,TRIGYN,26-07-2005
TruCap Finance Limited,DHANVARSHA,TRU,01-09-2022
UCAL LIMITED,UCALFUEL,UCAL,26-07-2023
UFLEX Limited,FLEX,UFLEX,17-04-2007
UNO Minda Limited,MINDAIND,UNOMINDA,05-08-2022
UPL Limited,UNIPHOS,UPL,23-10-2013
Ujaas Energy Limited,MBSWITCH,UJAAS,23-09-2013
United Spirits Limited,MCDOWELL-N,UNITDSPR,07-06-2024
Univa Foods Limited,HOTELRUGBY,UNIVAFOODS,23-11-2022
Usha Martin Education & Solutions Limited,UMITL,UMESL,07-01-2010
Usha Martin Limited,USHABEL,USHAMART,20-10-2004
Uttam Value Steels Limited,LLOYDSTEEL,UTTAMVALUE,29-04-2013
V2 Retail Limited,VISHALRET,V2RETAIL,24-02-2012
VA Tech Wabag Limited,VATECH,WABAG,15-12-2010
VIP Clothing Limited,MAXWELL,VIPCLOTHNG,21-12-2016
VTX Industries Limited,VIJAYTEX,VTXIND,04-04-2011
Vaibhav Global Limited,VAIBHAVGEM,VAIBHAVGBL,24-12-2012
Vakrangee Limited,VAKRANSOFT,VAKRANGEE,27-11-2013
Value Industries Limited,VDOCONAPPL,VALUEIND,22-05-2008
Vardhman Holdings Limited,VSGML,VHL,17-04-2006
Vardhman Textiles Limited,MAHAVIRSPG,VTL,11-10-2006
Vatsa Music Limited,BABABUSERV,VATSMUSC,20-08-2001
Vedanta Limited,SSLT,VEDL,07-05-2015
Vedanta Limited,SESAGOA,SSLT,04-10-2013
Veedol Corporation Limited,TIDEWATER,VEEDOL,09-10-2024
Venky's (India) Limited,WESTHATCH,VENKEYS,17-09-2003
Videocon Industries Limited,VDOLEASE,VIDEOIND,21-09-2004
Vidhi Specialty Food Ingredients Limited,VIDHIDYE,VIDHIING,01-03-2017
Vikas EcoTech Limited,VIKASGLOB,VIKASECO,21-12-2015
Vikas Lifecare Limited,VIKASMCORP,VIKASLIFE,06-05-2021
W S Industries (I) Limited,WSIND,WSI,01-08-2007
WABCO India Limited,WABCO-TVS,WABCOINDIA,06-09-2011
WE WIN LIMITED,SUREVIN,WEWIN,01-07-2020
Wartsila India Limited,WARTDEISEL,WARTSILA,20-09-2000
Welspun Corp Limited,WELGUJ,WELCORP,17-05-2010
Welspun Enterprises Limited,WELPROJ,WELENT,24-06-2015
Welspun Enterprises Limited,MSKPROJ,WELPROJ,04-01-2011
Welspun Living Limited,WELSPUNIND,WELSPUNLIV,14-12-2023
Wendt (India) Limited,WENDTINDIA,WENDT,07-08-2006
WinPro Industries Limited,JUMPNET,WINPRO,22-12-2021
Windsor Machines Limited,DGPWINDSOR,WINDSOR,05-04-2005
Winsome Diamonds and Jewellery Limited,SURAJDIAMN,WINSOMEDJ,24-07-2012
Wonder Electricals Limited,WFL,WEL,04-01-2023
Wopolin Plastics Limited,BAJAJPLAST,WOPOLIN,23-11-2005
Wyeth Limited,WYETHLEDE,WYETH,01-09-2006
XL Energy Limited,XLTL,XLTELENE,22-07-2009
XL Energy Limited,XLTELENE,XLENERGY,13-12-2010
Xchanging Solutions Limited,CAMBRIDGE,XCHANGING,25-06-2012
Xchanging Solutions Limited,SCANDENT,CAMBRIDGE,17-07-2006
Yaari Digital Integrated Services Limited,IBWSL,SORILHOLD,18-04-2017
Yaari Digital Integrated Services Limited,YAARII,YAARI,15-12-2021
Yaari Digital Integrated Services Limited,SORILHOLD,IBULISL,08-06-2018
Yaari Digital Integrated Services Limited,IBULISL,YAARII,08-12-2020
ZUARI INDUSTRIES LIMITED,ZUARIAGRO,ZUARIGLOB,25-09-2012
ZUARI INDUSTRIES LIMITED,ZUARIGLOB,ZUARIIND,04-07-2022
Zandu Realty Limited,ZANDUPHARM,ZANDUREALT,10-03-2010
Zee Entertainment Enterprises Limited,ZEETELE,ZEEL,28-02-2007
Zee Media Corporation Limited,ZEENEWS,ZEEMEDIA,30-07-2013
Zenith Steel Pipes & Industries Limited,ZENITHBIR,ZENITHSTL,19-08-2020
Zensar Technologies Limited,FUJITSICIM,ZENSARTECH,04-03-2004
Zydus Lifesciences Limited,CADILAHC,ZYDUSLIFE,07-03-2022
e-Serve International Limited,CITICORSEC,E-SERVEINT,09-07-2003
iGate Global Solutions Limited,MASCOT,IGS,07-08-2003
