Symbol,Name of company,Series,Date of listing,Face value
360ONE,360 ONE WAM LIMITED,EQ,19-SEP-2019,1
3IINFOLTD,3i Infotech Limited,EQ,22-OCT-2021,10
3MINDIA,3M India Limited,EQ,13-AUG-2004,10
5PAISA,5Paisa Capital Limited,EQ,16-NOV-2017,10
AARTIDRUGS,Aarti Drugs Limited,EQ,19-SEP-2003,10
AARTIIND,Aarti Industries Limited,EQ,08-FEB-1995,5
AARTIPHARM,Aarti Pharmalabs Limited,EQ,30-JAN-2023,5
AARTISURF,Aarti Surfactants Limited,EQ,14-JUL-2020,10
AARVI,Aarvi Encon Limited,EQ,24-JUN-2020,10
AAVAS,Aavas Financiers Limited,EQ,08-OCT-2018,10
ABB,ABB India Limited,EQ,08-FEB-1995,2
ABBOTINDIA,Abbott India Limited,EQ,08-JAN-2010,10
ABCAPITAL,Aditya Birla Capital Limited,EQ,01-SEP-2017,10
ABFRL,Aditya Birla Fashion and Retail Limited,EQ,17-JUL-2013,10
ABSLAMC,Aditya Birla Sun Life AMC Limited,EQ,11-OCT-2021,5
ACC,ACC Limited,EQ,20-NOV-1996,10
ACCELYA,Accelya Solutions India Limited,EQ,01-DEC-1999,10
ACE,Action Construction Equipment Limited,EQ,26-SEP-2006,2
ACI,Archean Chemical Industries Limited,EQ,21-NOV-2022,2
ACLGATI,Allcargo Gati Limited,EQ,10-OCT-2006,2
ADANIENSOL,Adani Energy Solutions Limited,EQ,31-JUL-2015,10
ADANIENT,Adani Enterprises Limited,EQ,04-JUN-1997,1
ADANIGREEN,Adani Green Energy Limited,EQ,18-JUN-2018,10
ADANIPORTS,Adani Ports and Special Economic Zone Limited,EQ,27-NOV-2007,2
ADFFOODS,ADF Foods Limited,EQ,15-SEP-2010,2
ADORWELD,Ador Welding Limited,EQ,10-MAY-1995,10
ADSL,Allied Digital Services Limited,EQ,25-JUL-2007,5
ADVANIHOTR,Advani Hotels & Resorts (India) Limited,EQ,25-JUN-2007,2
ADVENZYMES,Advanced Enzyme Technologies Limited,EQ,01-AUG-2016,2
AEGISLOG,Aegis Logistics Limited,EQ,03-APR-1996,1
AEROFLEX,Aeroflex Industries Limited,EQ,31-AUG-2023,2
AETHER,Aether Industries Limited,EQ,03-JUN-2022,10
AFFLE,Affle (India) Limited,EQ,08-AUG-2019,2
AGARIND,Agarwal Industrial Corporation Limited,EQ,26-MAY-2014,10
AGI,AGI Greenpac Limited,EQ,31-MAY-2000,2
AGROPHOS,Agro Phos India Limited,EQ,08-MAR-2019,10
AHL,Abans Holdings Limited,EQ,23-DEC-2022,2
AHLEAST,Asian Hotels (East) Limited,EQ,11-AUG-2010,10
AHLUCONT,Ahluwalia Contracts (India) Limited,EQ,14-DEC-2009,2
AIAENG,AIA Engineering Limited,EQ,14-DEC-2005,2
AJANTPHARM,Ajanta Pharma Limited,EQ,29-MAY-2000,2
AJMERA,Ajmera Realty & Infra India Limited,EQ,16-JUN-2009,10
AKG,Akg Exim Limited,EQ,16-FEB-2021,10
AKZOINDIA,Akzo Nobel India Limited,EQ,28-JUN-2001,10
ALBERTDAVD,Albert David Limited,BE,14-JUN-2016,10
ALEMBICLTD,Alembic Limited,EQ,22-SEP-1999,2
ALICON,Alicon Castalloy Limited,EQ,29-SEP-2006,5
ALKALI,Alkali Metals Limited,EQ,06-NOV-2008,10
ALKEM,Alkem Laboratories Limited,EQ,23-DEC-2015,2
ALKYLAMINE,Alkyl Amines Chemicals Limited,EQ,26-NOV-2007,2
ALLCARGO,Allcargo Logistics Limited,EQ,23-JUN-2006,2
ALLSEC,Allsec Technologies Limited,EQ,09-MAY-2005,10
ALPA,Alpa Laboratories Limited,EQ,06-AUG-2007,10
AMBER,Amber Enterprises India Limited,EQ,30-JAN-2018,10
AMBIKCO,Ambika Cotton Mills Limited,EQ,29-JAN-2008,10
AMBUJACEM,Ambuja Cements Limited,EQ,18-FEB-1998,2
AMIORG,Ami Organics Limited,EQ,14-SEP-2021,10
AMRUTANJAN,Amrutanjan Health Care Limited,EQ,02-JAN-2015,1
ANANDRATHI,Anand Rathi Wealth Limited,EQ,14-DEC-2021,5
ANANTRAJ,Anant Raj Limited,EQ,27-SEP-2006,2
ANDHRAPAP,ANDHRA PAPER LIMITED,EQ,13-MAY-2004,10
ANDHRSUGAR,The Andhra Sugars Limited,EQ,01-NOV-1995,2
ANGELONE,Angel One Limited,EQ,05-OCT-2020,10
ANUP,The Anup Engineering Limited,EQ,01-MAR-2019,10
ANURAS,Anupam Rasayan India Limited,EQ,24-MAR-2021,10
APARINDS,Apar Industries Limited,EQ,12-JUL-2004,10
APCL,Anjani Portland Cement Limited,EQ,10-APR-2017,10
APCOTEXIND,Apcotex Industries Limited,EQ,06-SEP-1995,2
APEX,Apex Frozen Foods Limited,EQ,04-SEP-2017,10
APLAPOLLO,APL Apollo Tubes Limited,EQ,14-DEC-2011,2
APLLTD,Alembic Pharmaceuticals Limited,EQ,20-SEP-2011,2
APOLLOHOSP,Apollo Hospitals Enterprise Limited,EQ,10-JAN-1996,5
APOLLOPIPE,Apollo Pipes Limited,EQ,11-NOV-2019,10
APOLLOTYRE,Apollo Tyres Limited,EQ,31-MAY-1995,1
APTECHT,Aptech Limited,EQ,27-SEP-2002,10
APTUS,Aptus Value Housing Finance India Limited,EQ,24-AUG-2021,2
ARIES,Aries Agro Limited,EQ,11-JAN-2008,10
ARIHANTCAP,Arihant Capital Markets Limited,EQ,15-JUN-2021,1
ARIHANTSUP,Arihant Superstructures Limited,EQ,28-MAR-2017,10
ARMANFIN,Arman Financial Services Limited,EQ,14-JUN-2016,10
ARTEMISMED,Artemis Medicare Services Limited,EQ,23-JAN-2020,1
ARVIND,Arvind Limited,EQ,08-FEB-1995,10
ARVINDFASN,Arvind Fashions Limited,EQ,08-MAR-2019,4
ARVSMART,Arvind SmartSpaces Limited,EQ,26-AUG-2015,10
ASAHIINDIA,Asahi India Glass Limited,EQ,18-MAR-1998,1
ASAHISONG,Asahi Songwon Colors Limited,BE,29-AUG-2011,10
ASAL,Automotive Stampings and Assemblies Limited,EQ,12-MAR-2002,10
ASALCBR,Associated Alcohols & Breweries Ltd.,EQ,12-FEB-2020,10
ASHIANA,Ashiana Housing Limited,EQ,29-JUN-2011,2
ASHOKA,Ashoka Buildcon Limited,EQ,14-OCT-2010,5
ASHOKLEY,Ashok Leyland Limited,EQ,25-MAY-1995,1
ASIANENE,Asian Energy Services Limited,EQ,09-DEC-2021,10
ASIANPAINT,Asian Paints Limited,EQ,31-MAY-1995,1
ASIANTILES,Asian Granito India Limited,EQ,23-AUG-2007,10
ASPINWALL,Aspinwall and Company Limited,EQ,14-JUN-2016,10
ASTEC,Astec LifeSciences Limited,EQ,25-NOV-2009,10
ASTERDM,Aster DM Healthcare Limited,EQ,26-FEB-2018,10
ASTRAL,Astral Limited,EQ,20-MAR-2007,1
ASTRAMICRO,Astra Microwave Products Limited,EQ,01-NOV-2004,2
ASTRAZEN,AstraZeneca Pharma India Limited,EQ,04-MAY-2001,2
ATFL,Agro Tech Foods Limited,EQ,06-DEC-2002,10
ATGL,Adani Total Gas Limited,EQ,05-NOV-2018,1
ATL,Allcargo Terminals Limited,EQ,10-AUG-2023,2
ATUL,Atul Limited,EQ,06-MAY-1998,10
AUBANK,AU Small Finance Bank Limited,EQ,10-JUL-2017,10
AUROPHARMA,Aurobindo Pharma Limited,EQ,19-JUL-2000,1
AUTOAXLES,Automotive Axles Limited,EQ,29-MAY-2003,10
AVADHSUGAR,Avadh Sugar & Energy Limited,EQ,28-JUL-2017,10
AVALON,Avalon Technologies Limited,EQ,18-APR-2023,2
AVANTIFEED,Avanti Feeds Limited,EQ,15-APR-2015,1
AVG,AVG Logistics Limited,EQ,12-MAY-2023,10
AVROIND,AVRO INDIA LIMITED,BE,07-APR-2022,10
AVTNPL,AVT Natural Products Limited,EQ,10-JAN-2007,1
AWHCL,Antony Waste Handling Cell Limited,EQ,01-JAN-2021,5
AWL,Adani Wilmar Limited,EQ,08-FEB-2022,1
AXISBANK,Axis Bank Limited,EQ,16-NOV-1998,2
BAJAJ-AUTO,Bajaj Auto Limited,EQ,26-MAY-2008,10
BAJAJCON,Bajaj Consumer Care Limited,EQ,18-AUG-2010,1
BAJAJELEC,Bajaj Electricals Limited,EQ,02-NOV-2007,2
BAJAJFINSV,Bajaj Finserv Limited,EQ,26-MAY-2008,1
BAJAJHCARE,Bajaj Healthcare Limited,EQ,25-NOV-2021,5
BAJAJHIND,Bajaj Hindusthan Sugar Limited,EQ,10-MAY-1995,1
BAJAJHLDNG,Bajaj Holdings & Investment Limited,EQ,15-MAR-1995,10
BAJFINANCE,Bajaj Finance Limited,EQ,01-APR-2003,2
BALAMINES,Balaji Amines Limited,EQ,05-APR-2007,2
BALAXI,BALAXI PHARMACEUTICALS LIMITED,EQ,30-NOV-2015,2
BALKRISIND,Balkrishna Industries Limited,EQ,27-JAN-2006,2
BALMLAWRIE,Balmer Lawrie & Company Limited,EQ,06-JUL-1995,10
BALPHARMA,Bal Pharma Limited,BE,08-MAY-2006,10
BALRAMCHIN,Balrampur Chini Mills Limited,EQ,08-FEB-1995,1
BANARBEADS,Banaras Beads Limited,EQ,07-JUL-1995,10
BANARISUG,Bannari Amman Sugars Limited,EQ,28-MAY-2003,10
BANCOINDIA,Banco Products (I) Limited,EQ,22-DEC-2006,2
BANDHANBNK,Bandhan Bank Limited,EQ,27-MAR-2018,10
BANKBARODA,Bank of Baroda,EQ,19-FEB-1997,2
BANKINDIA,Bank of India,EQ,30-APR-1997,10
BANSWRAS,Banswara Syntex Limited,EQ,11-APR-2007,5
BARBEQUE,Barbeque Nation Hospitality Limited,EQ,07-APR-2021,5
BASF,BASF India Limited,EQ,17-MAY-1995,10
BASML,Bannari Amman Spinning Mills Limited,EQ,14-NOV-2005,5
BATAINDIA,Bata India Limited,EQ,18-JUN-2003,5
BAYERCROP,Bayer Cropscience Limited,EQ,08-JAN-2010,10
BBL,Bharat Bijlee Limited,EQ,21-NOV-2006,5
BBTC,Bombay Burmah Trading Corporation Limited,EQ,03-APR-1996,2
BBTCL,B&B Triplewall Containers Limited,EQ,23-NOV-2022,10
BCLIND,Bcl Industries Limited,EQ,04-MAR-2021,1
BDL,Bharat Dynamics Limited,EQ,23-MAR-2018,5
BECTORFOOD,Mrs. Bectors Food Specialities Limited,EQ,24-DEC-2020,10
BEL,Bharat Electronics Limited,EQ,19-JUL-2000,1
BEML,BEML Limited,EQ,05-NOV-2003,10
BEPL,Bhansali Engineering Polymers Limited,EQ,21-MAR-2005,1
BERGEPAINT,Berger Paints (I) Limited,EQ,24-NOV-1999,1
BFINVEST,BF Investment Limited,EQ,14-JAN-2011,5
BFUTILITIE,BF Utilities Limited,EQ,03-MAY-2007,5
BHAGCHEM,Bhagiradha Chemicals & Industries Limited,EQ,18-OCT-2021,1
BHAGERIA,Bhageria Industries Limited,EQ,02-MAR-2016,5
BHARATFORG,Bharat Forge Limited,EQ,04-APR-2003,2
BHARATGEAR,Bharat Gears Limited,EQ,03-APR-1996,10
BHARATRAS,Bharat Rasayan Limited,EQ,11-OCT-1995,10
BHARTIARTL,Bharti Airtel Limited,EQ,15-FEB-2002,5
BHEL,Bharat Heavy Electricals Limited,EQ,11-NOV-2003,2
BIGBLOC,Bigbloc Construction Limited,EQ,02-SEP-2016,2
BIKAJI,Bikaji Foods International Limited,EQ,16-NOV-2022,1
BIOCON,Biocon Limited,EQ,07-APR-2004,5
BIOFILCHEM,Biofil Chemicals & Pharmaceuticals Limited,EQ,12-JUN-1996,10
BIRLACABLE,Birla Cable Limited,EQ,06-DEC-1995,10
BIRLACORPN,Birla Corporation Limited,EQ,12-APR-1995,10
BLAL,BEML Land Assets Limited,EQ,19-APR-2023,10
BLISSGVS,Bliss GVS Pharma Limited,EQ,26-JUL-2010,1
BLKASHYAP,B. L. Kashyap and Sons Limited,EQ,17-MAR-2006,1
BLS,BLS International Services Limited,EQ,14-JUN-2016,1
BLUEDART,Blue Dart Express Limited,EQ,12-DEC-2002,10
BLUESTARCO,Blue Star Limited,EQ,15-JUN-2000,2
BODALCHEM,Bodal Chemicals Limited,EQ,22-AUG-2011,2
BOMDYEING,Bombay Dyeing & Mfg Company Limited,EQ,26-APR-1995,2
BOROLTD,Borosil Limited,EQ,22-JUL-2020,1
BORORENEW,BOROSIL RENEWABLES LIMITED,EQ,25-MAY-2018,1
BOSCHLTD,Bosch Limited,EQ,12-MAY-2003,10
BPCL,Bharat Petroleum Corporation Limited,EQ,13-SEP-1995,10
BRIGADE,Brigade Enterprises Limited,EQ,31-DEC-2007,10
BRITANNIA,Britannia Industries Limited,EQ,05-NOV-1998,1
BSE,BSE Limited,EQ,03-FEB-2017,2
BSOFT,BIRLASOFT LIMITED,EQ,24-NOV-1999,2
BUTTERFLY,Butterfly Gandhimathi Appliances Limited,EQ,28-APR-2014,10
CAMLINFINE,Camlin Fine Sciences Limited,EQ,20-JAN-2015,1
CAMPUS,Campus Activewear Limited,EQ,09-MAY-2022,5
CAMS,Computer Age Management Services Limited,EQ,07-MAY-2021,10
CANBK,Canara Bank,EQ,23-DEC-2002,2
CANFINHOME,Can Fin Homes Limited,EQ,10-MAY-1995,2
CANTABIL,Cantabil Retail India Limited,EQ,12-OCT-2010,2
CAPACITE,Capacit'e Infraprojects Limited,EQ,25-SEP-2017,10
CAPLIPOINT,Caplin Point Laboratories Limited,EQ,23-JUN-2014,2
CAPTRUST,Capital Trust Limited,EQ,16-JAN-2017,10
CARBORUNIV,Carborundum Universal Limited,EQ,03-APR-1996,1
CARERATING,CARE Ratings Limited,EQ,26-DEC-2012,10
CARTRADE,Cartrade Tech Limited,EQ,20-AUG-2021,10
CARYSIL,CARYSIL LIMITED,EQ,14-JAN-2021,2
CASTROLIND,Castrol India Limited,EQ,14-MAR-2014,5
CCL,CCL Products (India) Limited,EQ,07-JUN-2004,2
CDSL,Central Depository Services (India) Limited,EQ,30-JUN-2017,10
CEATLTD,CEAT Limited,EQ,01-FEB-2008,10
CENTENKA,Century Enka Limited,EQ,10-MAY-1995,10
CENTRALBK,Central Bank of India,EQ,21-AUG-2007,10
CENTRUM,Centrum Capital Limited,EQ,04-APR-2018,1
CENTURYPLY,Century Plyboards (India) Limited,EQ,23-MAR-2006,1
CENTURYTEX,Century Textiles & Industries Limited,EQ,27-JUN-2003,10
CERA,Cera Sanitaryware Limited,EQ,02-NOV-2007,5
CESC,CESC Limited,EQ,08-FEB-1995,1
CGCL,Capri Global Capital Limited,EQ,29-OCT-2010,1
CGPOWER,CG Power and Industrial Solutions Limited,EQ,01-MAR-1995,2
CHALET,Chalet Hotels Limited,EQ,07-FEB-2019,10
CHAMBLFERT,Chambal Fertilizers & Chemicals Limited,EQ,14-JUN-1995,10
CHEMBOND,Chembond Chemicals Ltd,EQ,20-NOV-2019,5
CHEMCON,Chemcon Speciality Chemicals Limited,EQ,01-OCT-2020,10
CHEMFAB,Chemfab Alkalis Limited,EQ,25-APR-2018,10
CHEMPLASTS,Chemplast Sanmar Limited,EQ,24-AUG-2021,5
CHENNPETRO,Chennai Petroleum Corporation Limited,EQ,07-JUN-2000,10
CHEVIOT,Cheviot Company Limited,EQ,20-JUN-2022,10
CHOICEIN,Choice International Limited,EQ,08-APR-2022,10
CHOLAFIN,Cholamandalam Investment and Finance Company Limited,EQ,15-MAY-1996,2
CHOLAHLDNG,Cholamandalam Financial Holdings Limited,EQ,25-SEP-2017,1
CIEINDIA,CIE Automotive India Limited,EQ,30-AUG-2007,10
CIGNITITEC,Cigniti Technologies Limited,EQ,13-OCT-2014,10
CIPLA,Cipla Limited,EQ,08-FEB-1995,2
CLEAN,Clean Science and Technology Limited,EQ,19-JUL-2021,1
CLEDUCATE,CL Educate Limited,EQ,31-MAR-2017,5
CLSEL,Chaman Lal Setia Exports Limited,EQ,12-MAY-2021,2
CMSINFO,CMS Info Systems Limited,EQ,31-DEC-2021,10
COALINDIA,Coal India Limited,EQ,04-NOV-2010,10
COASTCORP,Coastal Corporation Limited,EQ,08-OCT-2021,10
COCHINSHIP,Cochin Shipyard Limited,EQ,11-AUG-2017,5
COFORGE,Coforge Limited,EQ,30-AUG-2004,10
COLPAL,Colgate Palmolive (India) Limited,EQ,17-DEC-2007,1
CONCOR,Container Corporation of India Limited,EQ,07-MAY-1997,5
CONCORDBIO,Concord Biotech Limited,EQ,18-AUG-2023,1
CONFIPET,Confidence Petroleum India Limited,EQ,13-JUN-2019,1
CONTROLPR,Control Print Limited,EQ,24-JUN-2016,10
COROMANDEL,Coromandel International Limited,EQ,31-MAY-1995,1
COSMOFIRST,COSMO FIRST LIMITED,EQ,25-MAY-1995,10
CRAFTSMAN,Craftsman Automation Limited,EQ,25-MAR-2021,5
CREATIVE,Creative Newtech Limited,EQ,05-AUG-2019,10
CREDITACC,CREDITACCESS GRAMEEN LIMITED,EQ,23-AUG-2018,10
CREST,Crest Ventures Limited,EQ,27-DEC-2006,10
CRISIL,CRISIL Limited,EQ,28-JUN-1995,1
CROMPTON,Crompton Greaves Consumer Electricals Limited,EQ,13-MAY-2016,2
CSBBANK,CSB Bank Limited,EQ,04-DEC-2019,10
CSLFINANCE,CSL Finance Limited,EQ,21-JUL-2022,10
CUB,City Union Bank Limited,EQ,25-AUG-1998,1
CUMMINSIND,Cummins India Limited,EQ,29-MAR-1995,2
CYIENT,Cyient Limited,EQ,30-SEP-1998,5
CYIENTDLM,Cyient DLM Limited,EQ,10-JUL-2023,10
DABUR,Dabur India Limited,EQ,28-APR-1999,1
DALBHARAT,Dalmia Bharat Limited,EQ,22-JAN-2019,2
DALMIASUG,Dalmia Bharat Sugar and Industries Limited,EQ,17-JAN-1996,2
DAMODARIND,Damodar Industries Limited,EQ,04-JUL-2016,5
DATAMATICS,Datamatics Global Services Limited,EQ,07-MAY-2004,5
DATAPATTNS,Data Patterns (India) Limited,EQ,24-DEC-2021,2
DBL,Dilip Buildcon Limited,EQ,11-AUG-2016,10
DBOL,Dhampur Bio Organics Limited,EQ,08-SEP-2022,10
DBREALTY,Valor Estate Limited,EQ,24-FEB-2010,10
DCAL,Dishman Carbogen Amcis Limited,EQ,21-SEP-2017,2
DCBBANK,DCB Bank Limited,EQ,27-OCT-2006,10
DCMSHRIRAM,DCM Shriram Limited,EQ,12-APR-1995,2
DCMSRIND,DCM Shriram Industries Limited,EQ,24-DEC-2021,2
DCW,DCW Limited,EQ,25-MAY-1995,2
DECCANCE,Deccan Cements Limited,EQ,02-AUG-2007,5
DEEPAKFERT,Deepak Fertilizers and Petrochemicals Corporation Limited,EQ,17-JAN-2003,10
DEEPAKNTR,Deepak Nitrite Limited,EQ,29-SEP-2010,2
DEEPINDS,Deep Industries Limited,EQ,27-APR-2021,5
DELHIVERY,Delhivery Limited,EQ,24-MAY-2022,1
DELTACORP,Delta Corp Limited,EQ,02-NOV-2007,1
DEN,Den Networks Limited,EQ,24-NOV-2009,10
DENORA,De Nora India Limited,EQ,07-AUG-1997,10
DEVYANI,Devyani International Limited,EQ,16-AUG-2021,1
DHAMPURSUG,Dhampur Sugar Mills Limited,EQ,29-MAR-1995,10
DHANUKA,Dhanuka Agritech Limited,EQ,29-JUN-2011,2
DHARMAJ,Dharmaj Crop Guard Limited,EQ,08-DEC-2022,10
DHUNINV,Dhunseri Investments Limited,EQ,18-MAR-2011,10
DIAMONDYD,Prataap Snacks Limited,EQ,05-OCT-2017,5
DISHTV,Dish TV India Limited,EQ,18-APR-2007,1
DIVGIITTS,Divgi Torqtransfer Systems Limited,EQ,14-MAR-2023,5
DIVISLAB,Divi's Laboratories Limited,EQ,12-MAR-2003,2
DIXON,Dixon Technologies (India) Limited,EQ,18-SEP-2017,2
DLF,DLF Limited,EQ,05-JUL-2007,2
DLINKINDIA,D-Link (India) Limited,EQ,18-DEC-2009,2
DMART,Avenue Supermarts Limited,EQ,21-MAR-2017,10
DMCC,DMCC SPECIALITY CHEMICALS LIMITED,EQ,01-DEC-2021,10
DODLA,Dodla Dairy Limited,EQ,28-JUN-2021,10
DOLATALGO,Dolat Algotech Limited,EQ,12-JAN-2024,1
DOLLAR,Dollar Industries Limited,EQ,21-APR-2017,2
DPABHUSHAN,D. P. Abhushan Limited,EQ,03-NOV-2020,10
DPSCLTD,DPSC Limited,EQ,21-APR-2008,1
DPWIRES,D P Wires Limited,EQ,17-JAN-2020,10
DREAMFOLKS,Dreamfolks Services Limited,EQ,06-SEP-2022,2
DRREDDY,Dr. Reddy's Laboratories Limited,EQ,30-MAY-2003,5
DSSL,Dynacons Systems & Solutions Limited,EQ,01-DEC-2011,10
DTIL,Dhunseri Tea & Industries Limited,EQ,20-JAN-2015,10
DVL,Dhunseri Ventures Limited,EQ,11-JAN-2008,10
DWARKESH,Dwarikesh Sugar Industries Limited,EQ,31-DEC-2004,1
DYNAMATECH,Dynamatic Technologies Limited,EQ,14-SEP-2006,10
EASEMYTRIP,Easy Trip Planners Limited,EQ,19-MAR-2021,1
ECLERX,eClerx Services Limited,EQ,31-DEC-2007,10
EDELWEISS,Edelweiss Financial Services Limited,EQ,12-DEC-2007,1
EICHERMOT,Eicher Motors Limited,EQ,07-SEP-2004,1
EIDPARRY,EID Parry India Limited,EQ,10-MAY-1995,1
EIFFL,Euro India Fresh Foods Limited,EQ,12-OCT-2021,10
EIHAHOTELS,EIH Associated Hotels Limited,EQ,08-APR-2008,10
EIHOTEL,EIH Limited,EQ,08-FEB-1995,2
EKC,Everest Kanto Cylinder Limited,EQ,15-DEC-2005,2
ELDEHSG,Eldeco Housing And Industries Limited,EQ,12-APR-2022,2
ELECON,Elecon Engineering Company Limited,EQ,29-SEP-2006,1
ELECTCAST,Electrosteel Castings Limited,EQ,20-JUN-2003,1
ELGIEQUIP,Elgi Equipments Limited,EQ,22-NOV-1995,1
ELIN,Elin Electronics Limited,EQ,30-DEC-2022,5
EMAMILTD,Emami Limited,EQ,03-AUG-2006,1
EMAMIPAP,Emami Paper Mills Limited,EQ,30-MAY-2019,2
EMBDL,Equinox India Developments Limited,EQ,23-MAR-2007,2
EMMBI,Emmbi Industries Limited,EQ,24-FEB-2010,10
EMUDHRA,eMudhra Limited,EQ,01-JUN-2022,5
ENDURANCE,Endurance Technologies Limited,EQ,19-OCT-2016,10
ENGINERSIN,Engineers India Limited,EQ,20-AUG-1997,5
ENIL,Entertainment Network (India) Limited,EQ,15-FEB-2006,10
EPIGRAL,Epigral Limited,EQ,18-AUG-2021,10
EPL,EPL Limited,EQ,11-FEB-2002,2
EQUITASBNK,Equitas Small Finance Bank Limited,EQ,02-NOV-2020,10
ERIS,Eris Lifesciences Limited,EQ,29-JUN-2017,1
EROSMEDIA,Eros International Media Limited,EQ,06-OCT-2010,10
ESABINDIA,Esab India Limited,EQ,01-NOV-1995,10
ESCORTS,Escorts Kubota Limited,EQ,01-MAR-1995,10
ESTER,Ester Industries Limited,EQ,20-JUN-2011,5
ETHOSLTD,Ethos Limited,EQ,30-MAY-2022,10
EVEREADY,Eveready Industries India Limited,EQ,27-APR-2005,5
EVERESTIND,Everest Industries Limited,EQ,29-MAR-1995,10
EXCELINDUS,Excel Industries Limited,EQ,16-JUN-2004,5
EXIDEIND,Exide Industries Limited,EQ,17-JUN-2003,1
EXPLEOSOL,Expleo Solutions Limited,EQ,26-OCT-2009,10
EXXARO,Exxaro Tiles Limited,EQ,16-AUG-2021,10
FACT,Fertilizers and Chemicals Travancore Limited,EQ,12-APR-1995,10
FAIRCHEMOR,Fairchem Organics Limited,EQ,24-DEC-2020,10
FAZE3Q,Faze Three Limited,EQ,18-NOV-2022,10
FCL,Fineotex Chemical Limited,EQ,15-JAN-2015,2
FCSSOFT,FCS Software Solutions Limited,EQ,21-SEP-2005,1
FDC,FDC Limited,EQ,07-AUG-1997,1
FEDERALBNK,The Federal Bank  Limited,EQ,08-FEB-1995,2
FIEMIND,Fiem Industries Limited,EQ,19-OCT-2006,10
FILATEX,Filatex India Limited,EQ,29-AUG-2011,1
FINCABLES,Finolex Cables Limited,EQ,15-FEB-1995,2
FINEORG,Fine Organic Industries Limited,EQ,02-JUL-2018,5
FINOPB,Fino Payments Bank Limited,EQ,12-NOV-2021,10
FINPIPE,Finolex Industries Limited,EQ,08-FEB-1995,2
FIVESTAR,Five-Star Business Finance Limited,EQ,21-NOV-2022,1
FLUOROCHEM,Gujarat Fluorochemicals Limited,EQ,16-OCT-2019,1
FMGOETZE,Federal-Mogul Goetze (India) Limited.,EQ,08-FEB-1995,10
FOCUS,Focus Lighting and Fixtures Limited,BE,24-NOV-2021,2
FOODSIN,Foods & Inns Limited,EQ,16-NOV-2021,1
FORTIS,Fortis Healthcare Limited,EQ,09-MAY-2007,10
FOSECOIND,Foseco India Limited,EQ,05-MAY-2003,10
FSL,Firstsource Solutions Limited,EQ,22-FEB-2007,10
FUSION,Fusion Micro Finance Limited,EQ,15-NOV-2022,10
GABRIEL,Gabriel India Limited,EQ,20-APR-2005,1
GAEL,Gujarat Ambuja Exports Limited,EQ,11-OCT-2000,1
GAIL,GAIL (India) Limited,EQ,02-APR-1997,10
GALAXYSURF,Galaxy Surfactants Limited,EQ,08-FEB-2018,10
GANDHITUBE,Gandhi Special Tubes Limited,EQ,31-JAN-2007,5
GANECOS,Ganesha Ecosphere Limited,EQ,09-MAR-2015,10
GANESHBE,Ganesh Benzoplast Limited,EQ,16-SEP-2021,1
GANESHHOUC,Ganesh Housing Corporation Limited,EQ,02-MAR-2007,10
GANGESSECU,Ganges Securities Limited,EQ,28-JUL-2017,10
GARFIBRES,Garware Technical Fibres Limited,EQ,03-APR-2007,10
GATEWAY,Gateway Distriparks Limited,EQ,22-MAR-2022,10
GEECEE,GeeCee Ventures Limited,EQ,04-OCT-2006,10
GENESYS,Genesys International Corporation Limited,EQ,23-JAN-2003,5
GENUSPAPER,Genus Paper & Boards Limited,EQ,16-FEB-2015,1
GENUSPOWER,Genus Power Infrastructures Limited,EQ,08-JUL-2005,1
GEOJITFSL,Geojit Financial Services Limited,EQ,01-JUL-2005,1
GESHIP,The Great Eastern Shipping Company Limited,EQ,27-NOV-2006,10
GFLLIMITED,GFL Limited,EQ,25-MAY-1995,1
GHCL,GHCL Limited,EQ,31-JUL-2003,10
GHCLTEXTIL,GHCL Textiles Limited,EQ,12-JUN-2023,2
GICHSGFIN,GIC Housing Finance Limited,EQ,08-MAY-1996,10
GICRE,General Insurance Corporation of India,EQ,25-OCT-2017,5
GILLETTE,Gillette India Limited,EQ,30-JUL-2003,10
GIPCL,Gujarat Industries Power Company Limited,EQ,08-FEB-1995,10
GLAND,Gland Pharma Limited,EQ,20-NOV-2020,1
GLAXO,GlaxoSmithKline Pharmaceuticals Limited,EQ,15-DEC-2000,10
GLENMARK,Glenmark Pharmaceuticals Limited,EQ,07-FEB-2000,1
GLOBUSSPR,Globus Spirits Limited,EQ,23-SEP-2009,10
GLS,Glenmark Life Sciences Limited,EQ,06-AUG-2021,2
GMBREW,GM Breweries Limited,EQ,23-AUG-1995,10
GMDCLTD,Gujarat Mineral Development Corporation Limited,EQ,17-DEC-1997,2
GMMPFAUDLR,GMM Pfaudler Limited,EQ,05-MAR-2018,2
GMRINFRA,GMR Airports Infrastructure Limited,EQ,21-AUG-2006,1
GMRP&UI,GMR Power and Urban Infra Limited,EQ,23-MAR-2022,5
GNA,GNA Axles Limited,EQ,26-SEP-2016,10
GNFC,Gujarat Narmada Valley Fertilizers and Chemicals Limited,EQ,17-MAY-1995,10
GOACARBON,Goa Carbon Limited,EQ,05-JUN-2007,10
GOCLCORP,GOCL Corporation Limited,EQ,26-JUN-2014,2
GOCOLORS,Go Fashion (India) Limited,EQ,30-NOV-2021,10
GODFRYPHLP,Godfrey Phillips India Limited,EQ,24-JUL-1996,2
GODREJAGRO,Godrej Agrovet Limited,EQ,16-OCT-2017,10
GODREJCP,Godrej Consumer Products Limited,EQ,20-JUN-2001,1
GODREJIND,Godrej Industries Limited,EQ,25-FEB-2003,1
GODREJPROP,Godrej Properties Limited,EQ,05-JAN-2010,5
GOKEX,Gokaldas Exports Limited,EQ,27-APR-2005,5
GOKULAGRO,Gokul Agro Resources Limited,EQ,11-MAR-2016,2
GOLDIAM,Goldiam International Limited,EQ,29-AUG-2005,2
GOODLUCK,Goodluck India Limited,EQ,08-JAN-2015,2
GPIL,Godawari Power And Ispat limited,EQ,25-APR-2006,5
GPPL,Gujarat Pipavav Port Limited,EQ,09-SEP-2010,10
GRANULES,Granules India Limited,EQ,20-JUN-2005,1
GRAPHITE,Graphite India Limited,EQ,07-FEB-2003,2
GRASIM,Grasim Industries Limited,EQ,10-MAY-1995,2
GRAVITA,Gravita India Limited,EQ,16-NOV-2010,2
GREAVESCOT,Greaves Cotton Limited,EQ,09-SEP-2004,2
GREENLAM,Greenlam Industries Limited,EQ,02-MAR-2015,1
GREENPANEL,Greenpanel Industries Limited,EQ,23-OCT-2019,1
GREENPLY,Greenply Industries Limited,EQ,06-MAR-1996,1
GRINDWELL,Grindwell Norton Limited,EQ,11-SEP-2006,5
GRINFRA,G R Infraprojects Limited,EQ,19-JUL-2021,5
GRMOVER,GRM Overseas Limited,EQ,07-SEP-2022,2
GROBTEA,The Grob Tea Company Limited,EQ,14-JUL-2016,10
GRSE,Garden Reach Shipbuilders & Engineers Limited,EQ,10-OCT-2018,10
GRWRHITECH,Garware Hi-Tech Films Limited,EQ,03-FEB-2022,10
GSFC,Gujarat State Fertilizers & Chemicals Limited,EQ,06-SEP-1995,2
GSLSU,Global Surfaces Limited,EQ,23-MAR-2023,10
GSPL,Gujarat State Petronet Limited,EQ,16-FEB-2006,10
GTLINFRA,GTL Infrastructure Limited,EQ,09-NOV-2006,10
GTPL,GTPL Hathway Limited,EQ,04-JUL-2017,10
GUFICBIO,Gufic Biosciences Limited,EQ,19-OCT-2004,1
GUJALKALI,Gujarat Alkalies and Chemicals Limited,EQ,07-AUG-1997,10
GUJGASLTD,Gujarat Gas Limited,EQ,15-SEP-2015,2
GULFOILLUB,Gulf Oil Lubricants India Limited,EQ,31-JUL-2014,2
GULPOLY,Gulshan Polyols Limited,EQ,28-JAN-2015,1
HAL,Hindustan Aeronautics Limited,EQ,28-MAR-2018,5
HAPPSTMNDS,Happiest Minds Technologies Limited,EQ,17-SEP-2020,2
HARDWYN,Hardwyn India Limited,EQ,12-APR-2022,1
HARIOMPIPE,Hariom Pipe Industries Limited,EQ,13-APR-2022,10
HARSHA,Harsha Engineers International Limited,EQ,26-SEP-2022,10
HATHWAY,Hathway Cable & Datacom Limited,EQ,25-FEB-2010,2
HATSUN,Hatsun Agro Product Limited,EQ,20-JUN-2014,1
HAVELLS,Havells India Limited,EQ,21-MAR-2001,1
HBLPOWER,HBL Power Systems Limited,EQ,04-JAN-2007,1
HCC,Hindustan Construction Company Limited,EQ,01-APR-2003,1
HCG,Healthcare Global Enterprises Limited,EQ,30-MAR-2016,10
HCLTECH,HCL Technologies Limited,EQ,06-JAN-2000,2
HDFCAMC,HDFC Asset Management Company Limited,EQ,06-AUG-2018,5
HDFCBANK,HDFC Bank Limited,EQ,08-NOV-1995,1
HDFCLIFE,HDFC Life Insurance Company Limited,EQ,17-NOV-2017,10
HEG,HEG Limited,EQ,10-MAY-1995,10
HEIDELBERG,HeidelbergCement India Limited,EQ,15-MAR-1995,10
HEMIPROP,Hemisphere Properties India Limited,EQ,22-OCT-2020,10
HERANBA,Heranba Industries Limited,EQ,05-MAR-2021,10
HERCULES,Hercules Hoists Limited,EQ,19-FEB-2008,1
HERITGFOOD,Heritage Foods Limited,EQ,27-NOV-1996,5
HEROMOTOCO,Hero MotoCorp Limited,EQ,11-APR-2003,2
HESTERBIO,Hester Biosciences Limited,EQ,13-MAR-2015,10
HEUBACHIND,Heubach Colorants India Limited,EQ,14-JUN-1995,10
HEXATRADEX,Hexa Tradex Limited,BE,20-APR-2012,2
HFCL,HFCL Limited,EQ,09-MAR-2011,1
HGINFRA,H.G. Infra Engineering Limited,EQ,09-MAR-2018,10
HGS,Hinduja Global Solutions Limited,EQ,19-JUN-2007,10
HIKAL,Hikal Limited,EQ,14-FEB-2001,2
HIL,HIL Limited,EQ,26-APR-1995,10
HILTON,Hilton Metal Forging Limited,EQ,24-MAY-2007,10
HIMATSEIDE,Himatsingka Seide Limited,EQ,08-FEB-1995,5
HINDALCO,Hindalco Industries Limited,EQ,08-JAN-1997,1
HINDCOMPOS,Hindustan Composites Limited,EQ,08-MAY-1996,5
HINDCOPPER,Hindustan Copper Limited,EQ,15-SEP-2010,5
HINDOILEXP,Hindustan Oil Exploration Company Limited,EQ,23-SEP-2003,10
HINDPETRO,Hindustan Petroleum Corporation Limited,EQ,17-JUN-1998,10
HINDUNILVR,Hindustan Unilever Limited,EQ,06-JUL-1995,1
HINDWAREAP,Hindware Home Innovation Limited,EQ,26-DEC-2019,2
HINDZINC,Hindustan Zinc Limited,EQ,21-NOV-2006,2
HITECH,Hi-Tech Pipes Limited,EQ,07-MAY-2018,1
HLEGLAS,HLE Glascoat Limited,EQ,09-FEB-2023,2
HMAAGRO,HMA Agro Industries Limited,EQ,04-JUL-2023,1
HNDFDS,Hindustan Foods Limited,EQ,06-JUN-2023,2
HOMEFIRST,Home First Finance Company India Limited,EQ,03-FEB-2021,2
HONAUT,Honeywell Automation India Limited,EQ,18-JUL-2003,10
HONDAPOWER,Honda India Power Products Limited,EQ,01-APR-2003,10
HPAL,HP Adhesives Limited,EQ,27-DEC-2021,2
HPL,HPL Electric & Power Limited,EQ,04-OCT-2016,10
HTMEDIA,HT Media Limited,EQ,01-SEP-2005,2
HUDCO,Housing & Urban Development Corporation Limited,EQ,19-MAY-2017,10
HUHTAMAKI,Huhtamaki India Limited,EQ,01-OCT-2004,2
ICEMAKE,Ice Make Refrigeration Limited,EQ,12-OCT-2020,10
ICICIBANK,ICICI Bank Limited,EQ,17-SEP-1997,2
ICICIGI,ICICI Lombard General Insurance Company Limited,EQ,27-SEP-2017,10
ICICIPRULI,ICICI Prudential Life Insurance Company Limited,EQ,29-SEP-2016,10
ICIL,Indo Count Industries Limited,EQ,12-SEP-2005,2
ICRA,ICRA Limited,EQ,13-APR-2007,10
IDBI,IDBI Bank Limited,EQ,20-SEP-1995,10
IDEA,Vodafone Idea Limited,EQ,09-MAR-2007,10
IDEAFORGE,Ideaforge Technology Limited,EQ,07-JUL-2023,10
IDFC,IDFC Limited,EQ,12-AUG-2005,10
IDFCFIRSTB,IDFC First Bank Limited,EQ,06-NOV-2015,10
IEX,Indian Energy Exchange Limited,EQ,23-OCT-2017,1
IFBIND,IFB Industries Limited,EQ,29-MAR-1995,10
IFCI,IFCI Limited,EQ,26-APR-1995,10
IFGLEXPOR,IFGL Refractories Limited,EQ,14-NOV-2017,10
IGARASHI,Igarashi Motors India Limited,EQ,09-OCT-2003,10
IGL,Indraprastha Gas Limited,EQ,26-DEC-2003,2
IGPL,IG Petrochemicals Limited,EQ,29-JAN-2007,10
IIFL,IIFL Finance Limited,EQ,17-MAY-2005,2
IIFLSEC,IIFL Securities Limited,EQ,20-SEP-2019,2
IKIO,IKIO Lighting Limited,EQ,16-JUN-2023,10
IMAGICAA,Imagicaaworld Entertainment Limited,EQ,06-APR-2015,10
IMFA,Indian Metals & Ferro Alloys Limited,EQ,23-JUL-2010,10
IMPAL,India Motor Parts and Accessories Limited,EQ,07-OCT-2005,10
INDHOTEL,The Indian Hotels Company Limited,EQ,03-JUL-1996,1
INDIACEM,The India Cements Limited,EQ,31-MAY-2000,10
INDIAGLYCO,India Glycols Limited,EQ,01-JUL-2005,10
INDIAMART,Indiamart Intermesh Limited,EQ,04-JUL-2019,10
INDIANB,Indian Bank,EQ,01-MAR-2007,10
INDIANCARD,Indian Card Clothing Company Limited,EQ,08-JAN-1997,10
INDIANHUME,Indian Hume Pipe Company Limited,EQ,30-AUG-1995,2
INDIGO,InterGlobe Aviation Limited,EQ,10-NOV-2015,10
INDIGOPNTS,Indigo Paints Limited,EQ,02-FEB-2021,10
INDNIPPON,India Nippon Electricals Limited,EQ,07-MAY-1997,5
INDOAMIN,Indo Amines Limited,EQ,29-APR-2022,5
INDOCO,Indoco Remedies Limited,EQ,14-JAN-2005,2
INDORAMA,Indo Rama Synthetics (India) Limited,EQ,20-JUN-2003,10
INDSWFTLAB,Ind-Swift Laboratories Limited,BE,02-JUL-1997,10
INDTERRAIN,Indian Terrain Fashions Limited,EQ,11-MAR-2011,2
INDUSINDBK,IndusInd Bank Limited,EQ,28-JAN-1998,10
INDUSTOWER,Indus Towers Limited,EQ,28-DEC-2012,10
INFIBEAM,Infibeam Avenues Limited,EQ,04-APR-2016,1
INFOBEAN,InfoBeans Technologies Limited,EQ,15-JUL-2019,10
INFY,Infosys Limited,EQ,08-FEB-1995,5
INGERRAND,Ingersoll Rand (India) Limited,EQ,15-APR-1999,10
INOXWIND,Inox Wind Limited,EQ,09-APR-2015,10
INSECTICID,Insecticides (India) Limited,EQ,30-MAY-2007,10
INTELLECT,Intellect Design Arena Limited,EQ,18-DEC-2014,5
INTLCONV,International Conveyors Limited,EQ,16-SEP-2021,1
IOB,Indian Overseas Bank,EQ,07-DEC-2000,10
IOC,Indian Oil Corporation Limited,EQ,24-JUL-1996,10
IOLCP,IOL Chemicals and Pharmaceuticals Limited,EQ,08-NOV-2010,10
IONEXCHANG,ION Exchange (India) Limited,EQ,22-FEB-2022,1
IPCALAB,IPCA Laboratories Limited,EQ,08-FEB-1995,1
IPL,India Pesticides Limited,EQ,05-JUL-2021,1
IRB,IRB Infrastructure Developers Limited,EQ,25-FEB-2008,1
IRCON,Ircon International Limited,EQ,28-SEP-2018,2
IRCTC,Indian Railway Catering And Tourism Corporation Limited,EQ,14-OCT-2019,2
IRFC,Indian Railway Finance Corporation Limited,EQ,29-JAN-2021,10
IRISDOREME,Iris Clothings Limited,EQ,22-FEB-2021,2
ISEC,ICICI Securities Limited,EQ,04-APR-2018,5
ISFT,Intrasoft Technologies Limited,EQ,12-APR-2010,10
ISGEC,Isgec Heavy Engineering Limited,EQ,05-MAY-2021,1
ITC,ITC Limited,EQ,23-AUG-1995,1
ITDC,India Tourism Development Corporation Limited,EQ,30-DEC-2016,10
ITDCEM,ITD Cementation India Limited,EQ,10-FEB-1999,1
ITI,ITI Limited,EQ,15-SEP-2003,10
J&KBANK,The Jammu & Kashmir Bank Limited,EQ,22-JUL-1998,1
JAGRAN,Jagran Prakashan Limited,EQ,22-FEB-2006,2
JAGSNPHARM,Jagsonpal Pharmaceuticals Limited,EQ,01-MAR-2000,5
JAICORPLTD,Jai Corp Limited,EQ,26-NOV-1997,1
JAMNAAUTO,Jamna Auto Industries Limited,EQ,10-DEC-2010,1
JASH,Jash Engineering Limited,EQ,30-OCT-2019,10
JAYAGROGN,Jayant Agro Organics Limited,EQ,17-APR-1996,5
JAYBARMARU,Jay Bharat Maruti Limited,EQ,03-JAN-1996,2
JAYNECOIND,Jayaswal Neco Industries Limited,EQ,10-MAY-1995,10
JAYSREETEA,Jayshree Tea & Industries Limited,EQ,15-FEB-1995,5
JBCHEPHARM,JB Chemicals & Pharmaceuticals Limited,EQ,29-APR-2003,1
JCHAC,Johnson Controls - Hitachi Air Conditioning India Limited,EQ,03-JAN-2000,10
JINDALPHOT,Jindal Photo Limited,EQ,07-APR-2005,10
JINDALPOLY,Jindal Poly Films Limited,EQ,21-JAN-2002,10
JINDALSAW,Jindal Saw Limited,EQ,29-APR-2003,2
JINDALSTEL,Jindal Steel & Power Limited,EQ,29-DEC-1999,1
JINDRILL,Jindal Drilling And Industries Limited,EQ,22-DEC-2006,5
JINDWORLD,Jindal Worldwide Limited,EQ,25-NOV-2010,1
JIOFIN,Jio Financial Services Limited,EQ,21-AUG-2023,10
JISLJALEQS,Jain Irrigation Systems Limited,EQ,13-AUG-2001,2
JKCEMENT,JK Cement Limited,EQ,14-MAR-2006,10
JKIL,J.Kumar Infraprojects Limited,EQ,12-FEB-2008,5
JKLAKSHMI,JK Lakshmi Cement Limited,EQ,19-JUN-2006,5
JKPAPER,JK Paper Limited,EQ,16-JUN-2005,10
JKTYRE,JK Tyre & Industries Limited,EQ,19-MAR-2007,2
JLHL,Jupiter Life Line Hospitals Limited,EQ,18-SEP-2023,10
JMFINANCIL,JM Financial Limited,EQ,10-OCT-2006,1
JOCIL,Jocil Limited,EQ,08-OCT-2008,10
JPOLYINVST,Jindal Poly Investment and Finance Company Limited,EQ,11-NOV-2013,10
JSL,Jindal Stainless Limited,EQ,17-NOV-2003,2
JSWENERGY,JSW Energy Limited,EQ,04-JAN-2010,10
JSWHL,JSW Holdings Limited,EQ,21-JUN-2005,10
JSWSTEEL,JSW Steel Limited,EQ,23-MAR-2005,1
JTEKTINDIA,Jtekt India Limited,EQ,12-JAN-2004,1
JTLIND,JTL INDUSTRIES LIMITED,EQ,12-JUN-2023,2
JUBLFOOD,Jubilant Foodworks Limited,EQ,08-FEB-2010,2
JUBLINDS,Jubilant Industries Limited,EQ,14-FEB-2011,10
JUBLINGREA,Jubilant Ingrevia Limited,EQ,19-MAR-2021,1
JUBLPHARMA,Jubilant Pharmova Limited,EQ,16-JUN-2003,1
JUSTDIAL,Just Dial Limited,EQ,05-JUN-2013,10
JWL,Jupiter Wagons Limited,EQ,18-OCT-2010,10
JYOTHYLAB,Jyothy Labs Limited,EQ,19-DEC-2007,1
KABRAEXTRU,Kabra Extrusion Technik Limited,EQ,06-SEP-1995,5
KAJARIACER,Kajaria Ceramics Limited,EQ,01-JUN-2004,1
KAKATCEM,Kakatiya Cement Sugar & Industries Limited,EQ,13-DEC-1995,10
KALYANKJIL,Kalyan Jewellers India Limited,EQ,26-MAR-2021,10
KAMATHOTEL,Kamat Hotels (I) Limited,EQ,29-MAY-1996,10
KAMDHENU,Kamdhenu Limited,EQ,09-MAY-2006,10
KANORICHEM,Kanoria Chemicals & Industries Limited,EQ,08-FEB-1995,5
KANPRPLA,Kanpur Plastipack Limited,EQ,01-JAN-2021,10
KANSAINER,Kansai Nerolac Paints Limited,EQ,15-SEP-2003,1
KARURVYSYA,Karur Vysya Bank Limited,EQ,26-JUL-2000,2
KAYNES,Kaynes Technology India Limited,EQ,22-NOV-2022,10
KCP,KCP Limited,EQ,09-APR-1997,1
KDDL,KDDL Limited,EQ,23-MAR-2016,10
KEC,KEC International Limited,EQ,10-MAR-2006,2
KECL,Kirloskar Electric Company Limited,EQ,09-MAR-2010,10
KEI,KEI Industries Limited,EQ,23-MAR-2006,2
KELLTONTEC,Kellton Tech Solutions Limited,EQ,02-MAR-2016,5
KFINTECH,Kfin Technologies Limited,EQ,29-DEC-2022,10
KHAICHEM,Khaitan Chemicals & Fertilizers Limited,EQ,30-OCT-2020,1
KIMS,Krishna Institute of Medical Sciences Limited,EQ,28-JUN-2021,10
KINGFA,Kingfa Science & Technology (India) Limited,EQ,15-NOV-2016,10
KIOCL,KIOCL Limited,EQ,29-NOV-2016,10
KIRIINDUS,Kiri Industries Limited,EQ,22-APR-2008,10
KIRLOSBROS,Kirloskar Brothers Limited,EQ,20-APR-2010,2
KIRLOSENG,Kirloskar Oil Engines Limited,EQ,24-DEC-2010,2
KIRLOSIND,Kirloskar Industries Limited,EQ,24-JUN-2010,10
KIRLPNU,Kirloskar Pneumatic Company Limited,EQ,26-APR-2023,2
KITEX,Kitex Garments Limited,EQ,25-SEP-2012,1
KKCL,Kewal Kiran Clothing Limited,EQ,13-APR-2006,10
KNRCON,KNR Constructions Limited,EQ,18-FEB-2008,2
KOLTEPATIL,Kolte - Patil Developers Limited,EQ,13-DEC-2007,10
KOPRAN,Kopran Limited,EQ,09-JUN-1999,10
KOTAKBANK,Kotak Mahindra Bank Limited,EQ,20-DEC-1995,5
KOTHARIPET,Kothari Petrochemicals Limited,EQ,02-NOV-1996,10
KPIL,Kalpataru Projects International Limited,EQ,15-DEC-2000,2
KPITTECH,KPIT Technologies Limited,EQ,22-APR-2019,10
KPRMILL,K.P.R. Mill Limited,EQ,28-AUG-2007,1
KRBL,KRBL Limited,EQ,21-JAN-2002,1
KRISHANA,Krishana Phoschem Limited,EQ,22-AUG-2019,10
KRITI,Kriti Industries (India) Limited,EQ,01-NOV-2021,1
KRSNAA,Krsnaa Diagnostics Limited,EQ,16-AUG-2021,5
KSB,Ksb Limited,EQ,08-FEB-1995,2
KSCL,Kaveri Seed Company Limited,EQ,04-OCT-2007,2
KSL,Kalyani Steels Limited,EQ,19-MAY-2010,5
KTKBANK,The Karnataka Bank Limited,EQ,10-MAY-2000,10
KUANTUM,Kuantum Papers Limited,EQ,23-OCT-2019,1
LALPATHLAB,Dr. Lal Path Labs Ltd.,EQ,23-DEC-2015,10
LAMBODHARA,Lambodhara Textiles Limited,EQ,04-FEB-2015,5
LANDMARK,Landmark Cars Limited,EQ,23-DEC-2022,5
LAOPALA,La Opala RG Limited,EQ,16-MAR-2007,2
LAURUSLABS,Laurus Labs Limited,EQ,19-DEC-2016,2
LAXMICOT,Laxmi Cotspin Limited,EQ,12-NOV-2021,10
LAXMIMACH,Lakshmi Machine Works Limited,EQ,29-MAR-1995,10
LEMONTREE,Lemon Tree Hotels Limited,EQ,09-APR-2018,10
LGBBROSLTD,LG Balakrishnan & Bros Limited,EQ,30-MAR-2010,10
LIBAS,Libas Consumer Products Limited,EQ,23-JUL-2019,10
LICHSGFIN,LIC Housing Finance Limited,EQ,29-JUL-1998,2
LICI,Life Insurance Corporation Of India,EQ,17-MAY-2022,10
LIKHITHA,Likhitha Infrastructure Limited,EQ,15-OCT-2020,5
LINC,Linc Limited,EQ,09-MAR-2015,10
LINCOLN,Lincoln Pharmaceuticals Limited,EQ,17-DEC-2015,10
LINDEINDIA,Linde India Limited,EQ,16-JUN-1999,10
LLOYDSME,Lloyds Metals And Energy Limited,EQ,17-JUL-2023,1
LODHA,Macrotech Developers Limited,EQ,19-APR-2021,10
LOVABLE,Lovable Lingerie Limited,BE,24-MAR-2011,10
LOYALTEX,Loyal Textile Mills Limited,EQ,11-AUG-2022,10
LT,Larsen & Toubro Limited,EQ,23-JUN-2004,2
LTF,L&T Finance Limited,EQ,12-AUG-2011,10
LTFOODS,LT Foods Limited,EQ,18-DEC-2006,1
LTIM,LTIMindtree Limited,EQ,21-JUL-2016,1
LTTS,L&T Technology Services Limited,EQ,23-SEP-2016,2
LUMAXIND,Lumax Industries Limited,EQ,06-SEP-1995,10
LUMAXTECH,Lumax Auto Technologies Limited,EQ,16-JAN-2007,2
LUPIN,Lupin Limited,EQ,10-SEP-2001,2
LUXIND,Lux Industries Limited,EQ,30-NOV-2015,2
LXCHEM,Laxmi Organic Industries Limited,EQ,25-MAR-2021,2
M&M,Mahindra & Mahindra Limited,EQ,03-JAN-1996,5
M&MFIN,Mahindra & Mahindra Financial Services Limited,EQ,17-MAR-2006,2
MADRASFERT,Madras Fertilizers Limited,EQ,25-JUL-1997,10
MAGADSUGAR,Magadh Sugar & Energy Limited,EQ,28-JUL-2017,10
MAHABANK,Bank of Maharashtra,EQ,12-APR-2004,10
MAHLIFE,Mahindra Lifespace Developers Limited,EQ,10-MAY-2000,10
MAHLOG,Mahindra Logistics Limited,EQ,10-NOV-2017,10
MAHSCOOTER,Maharashtra Scooters Limited,EQ,08-FEB-1995,10
MAHSEAMLES,Maharashtra Seamless Limited,EQ,25-AUG-2004,5
MAITHANALL,Maithan Alloys Limited,EQ,05-JUL-2011,10
MALLCOM,Mallcom (India) Limited,EQ,02-FEB-2022,10
MANAKSIA,Manaksia Limited,EQ,08-JAN-2008,2
MANALIPETC,Manali Petrochemicals Limited,EQ,06-DEC-2006,5
MANAPPURAM,Manappuram Finance Limited,EQ,01-DEC-2014,2
MANGALAM,Mangalam Drugs And Organics Limited,EQ,23-MAY-2005,10
MANGCHEFER,Mangalore Chemicals & Fertilizers Limited,EQ,22-OCT-2007,10
MANGLMCEM,Mangalam Cement Limited,EQ,03-JAN-1996,10
MANINFRA,Man Infraconstruction Limited,EQ,11-MAR-2010,2
MANKIND,Mankind Pharma Limited,EQ,09-MAY-2023,1
MANYAVAR,Vedant Fashions Limited,EQ,16-FEB-2022,1
MAPMYINDIA,C.E. Info Systems Limited,EQ,21-DEC-2021,2
MARALOVER,Maral Overseas Limited,EQ,08-FEB-1995,10
MARATHON,Marathon Nextgen Realty Limited,EQ,29-SEP-2016,5
MARICO,Marico Limited,EQ,01-MAY-1996,1
MARKSANS,Marksans Pharma Limited,EQ,21-JAN-2002,1
MARUTI,Maruti Suzuki India Limited,EQ,09-JUL-2003,5
MASFIN,MAS Financial Services Limited,EQ,18-OCT-2017,10
MASTEK,Mastek Limited,EQ,10-MAY-1995,5
MATRIMONY,Matrimony.Com Limited,EQ,21-SEP-2017,5
MAWANASUG,Mawana Sugars Limited,EQ,20-MAR-2009,10
MAXHEALTH,Max Healthcare Institute Limited,EQ,21-AUG-2020,10
MAYURUNIQ,Mayur Uniquoters Ltd,EQ,25-SEP-2012,5
MAZDA,Mazda Limited,EQ,01-NOV-2016,10
MAZDOCK,Mazagon Dock Shipbuilders Limited,EQ,12-OCT-2020,10
MBAPL,Madhya Bharat Agro Products Limited,EQ,22-AUG-2019,10
MCX,Multi Commodity Exchange of India Limited,EQ,09-MAR-2012,10
MEDANTA,Global Health Limited,EQ,16-NOV-2022,2
MEDICAMEQ,Medicamen Biotech Limited,EQ,27-OCT-2021,10
MEDPLUS,Medplus Health Services Limited,EQ,23-DEC-2021,2
MENONBE,Menon Bearings Limited,EQ,09-MAR-2015,1
METROBRAND,Metro Brands Limited,EQ,22-DEC-2021,5
METROPOLIS,Metropolis Healthcare Limited,EQ,15-APR-2019,2
MFSL,Max Financial Services Limited,EQ,17-MAY-2000,2
MGL,Mahanagar Gas Limited,EQ,01-JUL-2016,10
MHRIL,Mahindra Holidays & Resorts India Limited,EQ,16-JUL-2009,10
MIDHANI,Mishra Dhatu Nigam Limited,EQ,04-APR-2018,10
MINDACORP,Minda Corporation Limited,EQ,16-OCT-2014,2
MMFL,MM Forgings Limited,EQ,20-DEC-2006,10
MMTC,MMTC Limited,EQ,09-APR-2012,1
MOIL,MOIL Limited,EQ,15-DEC-2010,10
MOL,Meghmani Organics Limited,EQ,18-AUG-2021,1
MOLDTECH,Mold-Tek Technologies Limited,EQ,07-JUL-2016,2
MOLDTKPAC,Mold-Tek Packaging Limited,EQ,23-FEB-2015,5
MONARCH,Monarch Networth Capital Limited,EQ,06-JAN-2022,10
MONTECARLO,Monte Carlo Fashions Limited,EQ,19-DEC-2014,10
MOREPENLAB,Morepen Laboratories Limited,EQ,24-NOV-1999,2
MOTHERSON,Samvardhana Motherson International Limited,EQ,14-AUG-1996,1
MOTILALOFS,Motilal Oswal Financial Services Limited,EQ,11-SEP-2007,1
MPHASIS,MphasiS Limited,EQ,04-JUN-2004,10
MPSLTD,MPS Limited,EQ,21-JAN-2002,10
MRF,MRF Limited,EQ,18-SEP-1996,10
MRPL,Mangalore Refinery and Petrochemicals Limited,EQ,07-JAN-2005,10
MSTCLTD,Mstc Limited,EQ,29-MAR-2019,10
MSUMI,Motherson Sumi Wiring India Limited,EQ,28-MAR-2022,1
MTARTECH,Mtar Technologies Limited,EQ,15-MAR-2021,10
MTNL,Mahanagar Telephone Nigam Limited,EQ,17-FEB-1999,10
MUKANDLTD,Mukand Limited,EQ,23-FEB-2004,10
MUNJALAU,Munjal Auto Industries Limited,EQ,19-JUL-2006,2
MUNJALSHOW,Munjal Showa Limited,EQ,12-MAY-2003,2
MUTHOOTCAP,Muthoot Capital Services Limited,EQ,24-AUG-2015,10
MUTHOOTFIN,Muthoot Finance Limited,EQ,06-MAY-2011,10
NACLIND,NACL Industries Limited,EQ,07-APR-2017,1
NAGAFERT,Nagarjuna Fertilizers and Chemicals Limited,EQ,15-JUN-2016,1
NAHARCAP,Nahar Capital and Financial Services Limited,EQ,11-MAR-2008,5
NAHARINDUS,Nahar Industrial Enterprises Limited,EQ,15-DEC-2005,10
NAHARSPING,Nahar Spinning Mills Limited,EQ,23-MAR-2007,5
NAM-INDIA,Nippon Life India Asset Management Limited,EQ,06-NOV-2017,10
NATCOPHARM,Natco Pharma Limited,EQ,27-DEC-1995,2
NATIONALUM,National Aluminium Company Limited,EQ,28-APR-1999,5
NAUKRI,Info Edge (India) Limited,EQ,21-NOV-2006,10
NAVA,NAVA LIMITED,EQ,03-APR-1996,2
NAVINFLUOR,Navin Fluorine International Limited,EQ,01-JUN-2007,2
NAVKARCORP,Navkar Corporation Limited,EQ,09-SEP-2015,10
NAVNETEDUL,Navneet Education Limited,EQ,08-FEB-1995,2
NAZARA,Nazara Technologies Limited,EQ,30-MAR-2021,4
NBCC,NBCC (India) Limited,EQ,12-APR-2012,1
NCC,NCC Limited,EQ,14-OCT-2003,2
NCLIND,NCL Industries Limited,EQ,03-APR-2007,10
NDTV,New Delhi Television Limited,EQ,19-MAY-2004,4
NECLIFE,Nectar Lifesciences Limited,EQ,18-JUL-2005,1
NELCAST,Nelcast Limited,EQ,27-JUN-2007,2
NELCO,NELCO Limited,EQ,28-MAY-2003,10
NEOGEN,Neogen Chemicals Limited,EQ,08-MAY-2019,10
NESCO,Nesco Limited,EQ,08-APR-2008,2
NESTLEIND,Nestle India Limited,EQ,01-AUG-2023,1
NETWEB,Netweb Technologies India Limited,EQ,27-JUL-2023,2
NEULANDLAB,Neuland Laboratories Limited,EQ,13-OCT-2008,10
NFL,National Fertilizers Limited,EQ,28-DEC-2006,10
NGLFINE,NGL Fine-Chem Limited,EQ,08-JUL-2022,5
NH,Narayana Hrudayalaya Ltd.,EQ,06-JAN-2016,10
NHPC,NHPC Limited,EQ,01-SEP-2009,10
NIACL,The New India Assurance Company Limited,EQ,13-NOV-2017,5
NIITLTD,NIIT Limited,EQ,16-AUG-2004,2
NIITMTS,NIIT Learning Systems Limited,EQ,08-AUG-2023,2
NILKAMAL,Nilkamal Limited,EQ,01-NOV-1995,10
NITINSPIN,Nitin Spinners Limited,EQ,02-FEB-2006,10
NLCINDIA,NLC India Limited,EQ,23-AUG-2000,10
NMDC,NMDC Limited,EQ,03-MAR-2008,1
NOCIL,NOCIL Limited,EQ,17-JAN-1996,10
NRAIL,N R Agarwal Industries Limited,EQ,05-APR-2017,10
NRBBEARING,NRB Bearing Limited,EQ,08-MAR-2000,2
NRL,Nupur Recyclers Limited,EQ,12-JAN-2023,10
NSIL,Nalwa Sons Investments Limited,EQ,17-NOV-2003,10
NSLNISP,NMDC Steel Limited,EQ,20-FEB-2023,10
NTPC,NTPC Limited,EQ,05-NOV-2004,10
NURECA,Nureca Limited,EQ,25-FEB-2021,10
NUVOCO,Nuvoco Vistas Corporation Limited,EQ,23-AUG-2021,10
NYKAA,FSN E-Commerce Ventures Limited,EQ,10-NOV-2021,1
OAL,Oriental Aromatics Limited,EQ,11-JUL-2019,5
OBCL,Orissa Bengal Carrier Limited,EQ,07-APR-2022,10
OBEROIRLTY,Oberoi Realty Limited,EQ,20-OCT-2010,10
OFSS,Oracle Financial Services Software Limited,EQ,28-JUN-2002,5
OIL,Oil India Limited,EQ,30-SEP-2009,10
OLECTRA,Olectra Greentech Limited,EQ,20-MAR-2002,4
ONGC,Oil & Natural Gas Corporation Limited,EQ,19-JUL-1995,5
ONMOBILE,OnMobile Global Limited,EQ,19-FEB-2008,10
ONWARDTEC,Onward Technologies Limited,EQ,07-MAR-2001,10
OPTIEMUS,Optiemus Infracom Limited,EQ,08-AUG-2017,10
ORIENTBELL,Orient Bell Limited,EQ,14-FEB-2007,10
ORIENTCEM,Orient Cement Limited,EQ,12-JUL-2013,1
ORIENTELEC,Orient Electric Limited,EQ,14-MAY-2018,1
ORIENTHOT,Oriental Hotels Limited,EQ,27-AUG-1998,1
ORIENTPPR,Orient Paper & Industries Limited,EQ,29-MAR-1995,1
ORISSAMINE,The Orissa Minerals Development Company Limited,EQ,29-SEP-2010,1
OSWALAGRO,Oswal Agro Mills Limited,BE,29-MAR-1995,10
OSWALGREEN,Oswal Greentech Limited,EQ,28-AUG-1996,10
PAGEIND,Page Industries Limited,EQ,16-MAR-2007,10
PAISALO,Paisalo Digital Limited,EQ,17-OCT-2011,1
PAKKA,PAKKA LIMITED,EQ,11-JUL-2023,10
PANACEABIO,Panacea Biotec Limited,EQ,17-APR-1996,1
PANAMAPET,Panama Petrochem Limited,EQ,30-SEP-2011,2
PARADEEP,Paradeep Phosphates Limited,EQ,27-MAY-2022,10
PARAGMILK,Parag Milk Foods Limited,EQ,19-MAY-2016,10
PASUPTAC,Pasupati Acrylon Limited,EQ,12-OCT-2021,10
PATELENG,Patel Engineering Limited,EQ,24-FEB-2005,1
PAYTM,One 97 Communications Limited,EQ,18-NOV-2021,1
PCBL,PCBL LIMITED,EQ,29-MAR-1995,1
PCJEWELLER,PC Jeweller Limited,EQ,27-DEC-2012,10
PDMJEPAPER,Pudumjee Paper Products Limited,EQ,30-MAR-2016,1
PDSL,PDS Limited,EQ,21-OCT-2014,2
PEL,Piramal Enterprises Limited,EQ,08-FEB-1995,2
PENIND,Pennar Industries Limited,EQ,25-NOV-2010,5
PENINLAND,Peninsula Land Limited,EQ,08-FEB-1995,2
PERSISTENT,Persistent Systems Limited,EQ,06-APR-2010,5
PETRONET,Petronet LNG Limited,EQ,26-MAR-2004,10
PFC,Power Finance Corporation Limited,EQ,23-FEB-2007,10
PFIZER,Pfizer Limited,EQ,28-APR-1999,10
PGEL,PG Electroplast Limited,EQ,26-SEP-2011,1
PGHH,Procter & Gamble Hygiene and Health Care Limited,EQ,07-JUL-2004,10
PGHL,Procter & Gamble Health Limited,EQ,24-APR-1996,10
PHOENIXLTD,The Phoenix Mills Limited,EQ,23-APR-2007,2
PIDILITIND,Pidilite Industries Limited,EQ,29-MAR-1995,1
PIIND,PI Industries Limited,EQ,15-JUN-2011,1
PILANIINVS,Pilani Investment and Industries Corporation Limited,EQ,08-DEC-2015,10
PITTIENG,Pitti Engineering Limited,EQ,02-FEB-2007,5
PIXTRANS,Pix Transmissions Limited,EQ,28-APR-2022,10
PLASTIBLEN,Plastiblends India Limited,BE,28-DEC-2006,5
PNB,Punjab National Bank,EQ,24-APR-2002,2
PNBGILTS,PNB Gilts Limited,EQ,18-SEP-2000,10
PNBHOUSING,PNB Housing Finance Limited,EQ,07-NOV-2016,10
PNC,Pritish Nandy Communications Limited,EQ,11-DEC-2000,10
PNCINFRA,PNC Infratech Limited,EQ,26-MAY-2015,2
POCL,Pondy Oxides & Chemicals Limited,EQ,06-MAR-2023,10
PODDARMENT,Poddar Pigments Limited,EQ,22-NOV-2016,10
POKARNA,Pokarna Limited,EQ,07-JUL-2016,2
POLICYBZR,PB Fintech Limited,EQ,15-NOV-2021,2
POLYCAB,Polycab India Limited,EQ,16-APR-2019,10
POLYMED,Poly Medicure Limited,EQ,07-DEC-2011,5
POLYPLEX,Polyplex Corporation Limited,EQ,11-APR-2003,10
PONNIERODE,Ponni Sugars (Erode) Limited,EQ,16-APR-2002,10
POONAWALLA,Poonawalla Fincorp Limited,EQ,27-APR-2004,2
POWERGRID,Power Grid Corporation of India Limited,EQ,05-OCT-2007,10
POWERINDIA,Hitachi Energy India Limited,EQ,30-MAR-2020,2
POWERMECH,Power Mech Projects Limited,EQ,26-AUG-2015,10
PPAP,PPAP Automotive Limited,EQ,11-JAN-2008,10
PPL,Prakash Pipes Limited,EQ,14-JUN-2019,10
PPLPHARMA,Piramal Pharma Limited,EQ,19-OCT-2022,10
PRAJIND,Praj Industries Limited,EQ,11-OCT-1995,2
PRECAM,Precision Camshafts Limited,EQ,08-FEB-2016,10
PRECWIRE,Precision Wires India Limited,EQ,06-SEP-1995,1
PRESTIGE,Prestige Estates Projects Limited,EQ,27-OCT-2010,10
PRICOLLTD,Pricol Limited,EQ,10-FEB-2017,1
PRIMESECU,Prime Securities Limited,EQ,17-JUN-2005,5
PRINCEPIPE,Prince Pipes And Fittings Limited,EQ,30-DEC-2019,10
PRIVISCL,Privi Speciality Chemicals Limited,EQ,08-MAY-2015,10
PROZONER,Prozone Realty Limited,EQ,12-SEP-2012,2
PRSMJOHNSN,Prism Johnson Limited,EQ,20-AUG-2003,10
PRUDENT,Prudent Corporate Advisory Services Limited,EQ,20-MAY-2022,5
PSB,Punjab & Sind Bank,EQ,30-DEC-2010,10
PSPPROJECT,PSP Projects Limited,EQ,29-MAY-2017,10
PTC,PTC India Limited,EQ,07-APR-2004,10
PTL,PTL Enterprises Limited,EQ,29-JAN-2007,1
PUNJABCHEM,Punjab Chemicals & Crop Protection Limited,EQ,08-MAR-2007,10
PVRINOX,PVR INOX Limited,EQ,04-JAN-2006,10
PYRAMID,Pyramid Technoplast Limited,EQ,29-AUG-2023,10
QUESS,Quess Corp Limited,EQ,12-JUL-2016,10
QUICKHEAL,Quick Heal Technologies Limited,EQ,18-FEB-2016,10
RACE,Race Eco Chain Limited,EQ,09-MAY-2023,10
RADHIKAJWE,Radhika Jeweltech Limited,EQ,18-JUL-2022,2
RADIANTCMS,Radiant Cash Management Services Limited,EQ,04-JAN-2023,1
RADICO,Radico Khaitan Limited,EQ,18-JUN-2003,2
RADIOCITY,Music Broadcast Limited,EQ,17-MAR-2017,2
RAILTEL,Railtel Corporation Of India Limited,EQ,26-FEB-2021,10
RAIN,Rain Industries Limited,EQ,03-MAR-2008,2
RAINBOW,Rainbow Childrens Medicare Limited,EQ,10-MAY-2022,10
RAJESHEXPO,Rajesh Exports Limited,EQ,09-FEB-2000,1
RAJRATAN,Rajratan Global Wire Limited,EQ,22-MAY-2020,2
RALLIS,Rallis India Limited,EQ,01-APR-1999,1
RAMANEWS,Shree Rama Newsprint Limited,EQ,20-SEP-2006,10
RAMAPHO,Rama Phosphates Limited,EQ,05-AUG-2022,10
RAMASTEEL,Rama Steel Tubes Limited,EQ,19-AUG-2015,1
RAMCOCEM,The Ramco Cements Limited,EQ,09-APR-1997,1
RAMCOIND,Ramco Industries Limited,EQ,06-NOV-1996,1
RAMKY,Ramky Infrastructure Limited,EQ,08-OCT-2010,10
RAMRAT,Ram Ratna Wires Limited,EQ,29-JUL-2022,5
RANASUG,Rana Sugars Limited,EQ,24-FEB-2005,10
RANEHOLDIN,Rane Holdings Limited,EQ,24-SEP-1997,10
RATEGAIN,Rategain Travel Technologies Limited,EQ,17-DEC-2021,1
RATNAMANI,Ratnamani Metals & Tubes Limited,EQ,09-MAY-2006,2
RAYMOND,Raymond Limited,EQ,18-OCT-1995,10
RBA,Restaurant Brands Asia Limited,EQ,14-DEC-2020,10
RBL,Rane Brake Lining Limited,BE,20-JUN-2008,10
RBLBANK,RBL Bank Limited,EQ,31-AUG-2016,10
RCF,Rashtriya Chemicals and Fertilizers Limited,EQ,07-JAN-1998,10
RECLTD,REC Limited,EQ,12-MAR-2008,10
REDINGTON,Redington Limited,EQ,15-FEB-2007,2
REDTAPE,Redtape Limited,EQ,11-AUG-2023,2
REFEX,Refex Industries Limited,EQ,03-DEC-2009,2
RELAXO,Relaxo Footwears Limited,EQ,17-JUN-2011,1
RELIANCE,Reliance Industries Limited,EQ,29-NOV-1995,10
RELIGARE,Religare Enterprises Limited,EQ,21-NOV-2007,10
RENUKA,Shree Renuka Sugars Limited,EQ,31-OCT-2005,1
REPCOHOME,Repco Home Finance Limited,EQ,01-APR-2013,10
REPL,Rudrabhishek Enterprises Limited,EQ,14-DEC-2020,10
REPRO,Repro India Limited,EQ,22-DEC-2005,10
RESPONIND,Responsive Industries Limited,EQ,29-OCT-2010,1
RGL,Renaissance Global Limited,EQ,12-DEC-2007,2
RHIM,RHI MAGNESITA INDIA LIMITED,EQ,12-MAR-2012,1
RICOAUTO,Rico Auto Industries Limited,EQ,12-MAY-2003,1
RIIL,Reliance Industrial Infrastructure Limited,EQ,29-NOV-1995,10
RISHABH,Rishabh Instruments Limited,EQ,11-SEP-2023,10
RITES,RITES Limited,EQ,02-JUL-2018,10
RKFORGE,Ramkrishna Forgings Limited,EQ,05-MAY-2004,2
RML,Rane (Madras) Limited,EQ,30-AUG-2005,10
ROHLTD,Royal Orchid Hotels Limited,EQ,06-FEB-2006,10
ROLEXRINGS,Rolex Rings Limited,EQ,09-AUG-2021,10
ROSSARI,Rossari Biotech Limited,EQ,23-JUL-2020,2
ROSSELLIND,Rossell India Limited,EQ,25-SEP-2012,2
ROTO,Roto Pumps Limited,EQ,21-APR-2022,2
ROUTE,ROUTE MOBILE LIMITED,EQ,21-SEP-2020,10
RPGLIFE,RPG Life Sciences Limited,EQ,10-JUN-2008,8
RPSGVENT,RPSG VENTURES LIMITED,EQ,25-JAN-2019,10
RRKABEL,R R Kabel Limited,EQ,20-SEP-2023,5
RSWM,RSWM Limited,EQ,15-FEB-1995,10
RSYSTEMS,R Systems International Limited,EQ,26-APR-2006,1
RTNINDIA,RattanIndia Enterprises Limited,EQ,30-JUL-2012,2
RUBYMILLS,The Ruby Mills Limited,EQ,29-MAR-1995,5
RUCHIRA,Ruchira Papers Limited,EQ,20-DEC-2006,10
RUPA,Rupa & Company Limited,EQ,07-DEC-2011,1
RUSHIL,Rushil Decor Limited,EQ,07-JUL-2011,1
RUSTOMJEE,Keystone Realtors Limited,EQ,24-NOV-2022,10
RVNL,Rail Vikas Nigam Limited,EQ,11-APR-2019,10
SADHNANIQ,Sadhana Nitrochem Limited,EQ,05-MAY-2023,1
SAFARI,Safari Industries (India) Limited,EQ,12-SEP-2019,2
SAGCEM,Sagar Cements Limited,EQ,29-JAN-2007,2
SAH,Sah Polymers Limited,EQ,12-JAN-2023,10
SAHYADRI,Sahyadri Industries Limited,EQ,06-APR-2023,10
SAIL,Steel Authority of India Limited,EQ,06-JUL-1995,10
SAKAR,Sakar Healthcare Limited,EQ,11-APR-2019,10
SAKHTISUG,Sakthi Sugars Limited,EQ,06-SEP-1995,10
SALASAR,Salasar Techno Engineering Limited,EQ,25-JUL-2017,1
SALONA,Salona Cotspin Limited,EQ,16-JUN-2016,10
SALZERELEC,Salzer Electronics Limited,EQ,02-DEC-2015,10
SAMHI,Samhi Hotels Limited,EQ,22-SEP-2023,1
SAMMAANCAP,Sammaan Capital Limited,EQ,23-JUL-2013,2
SANDESH,The Sandesh Limited,EQ,26-NOV-2002,10
SANDHAR,Sandhar Technologies Limited,EQ,02-APR-2018,10
SANDUMA,Sandur Manganese & Iron Ores Limited,EQ,07-SEP-2023,10
SANGAMIND,Sangam (India) Limited,EQ,17-JUL-1996,10
SANGHVIMOV,Sanghvi Movers Limited,EQ,24-JAN-2007,2
SANOFI,Sanofi India Limited,EQ,19-MAY-2003,10
SANSERA,Sansera Engineering Limited,EQ,24-SEP-2021,2
SAPPHIRE,Sapphire Foods India Limited,EQ,18-NOV-2021,2
SARDAEN,Sarda Energy & Minerals Limited,EQ,03-DEC-2009,1
SAREGAMA,Saregama India Limited,EQ,30-JUL-1997,1
SASKEN,Sasken Technologies Limited,EQ,09-SEP-2005,10
SASTASUNDR,Sastasundar Ventures Limited,EQ,05-OCT-2010,10
SATIA,Satia Industries Limited,EQ,17-JUL-2019,1
SATIN,Satin Creditcare Network Limited,EQ,26-AUG-2015,10
SATINDLTD,Sat Industries Limited,EQ,21-NOV-2022,2
SBCL,Shivalik Bimetal Controls Limited,EQ,24-JUN-2021,2
SBFC,SBFC Finance Limited,EQ,16-AUG-2023,10
SBGLP,Suratwwala Business Group Limited,EQ,10-FEB-2023,1
SBICARD,SBI Cards and Payment Services Limited,EQ,16-MAR-2020,10
SBILIFE,SBI Life Insurance Company Limited,EQ,03-OCT-2017,10
SBIN,State Bank of India,EQ,01-MAR-1995,1
SCHAEFFLER,Schaeffler India Limited,EQ,29-NOV-2000,2
SCHAND,S Chand And Company Limited,EQ,09-MAY-2017,5
SCI,Shipping Corporation Of India Limited,EQ,13-AUG-1997,10
SDBL,Som Distilleries & Breweries Limited,EQ,18-MAR-2014,2
SELAN,Selan Exploration Technology Limited,EQ,26-SEP-2006,10
SENCO,Senco Gold Limited,EQ,14-JUL-2023,10
SEPC,SEPC Limited,EQ,20-FEB-2008,10
SEQUENT,Sequent Scientific Limited,EQ,10-MAR-2016,2
SESHAPAPER,Seshasayee Paper and Boards Limited,EQ,29-MAR-1995,2
SFL,Sheela Foam Limited,EQ,09-DEC-2016,5
SHAILY,Shaily Engineering Plastics Limited,EQ,04-APR-2022,2
SHALBY,Shalby Limited,EQ,15-DEC-2017,10
SHALPAINTS,Shalimar Paints Limited,EQ,03-MAR-2008,2
SHANKARA,Shankara Building Products Limited,EQ,05-APR-2017,10
SHANTIGEAR,Shanthi Gears Limited,EQ,17-JAN-1996,1
SHARDACROP,Sharda Cropchem Limited,EQ,23-SEP-2014,10
SHARDAMOTR,Sharda Motor Industries Limited,EQ,03-SEP-2015,2
SHAREINDIA,Share India Securities Limited,EQ,21-SEP-2020,2
SHILPAMED,Shilpa Medicare Limited,EQ,03-DEC-2009,1
SHIVALIK,Shivalik Rasayan Limited,EQ,09-DEC-2021,5
SHIVAMILLS,Shiva Mills Limited,EQ,26-FEB-2018,10
SHK,S H Kelkar and Company Limited,EQ,16-NOV-2015,10
SHOPERSTOP,Shoppers Stop Limited,EQ,23-MAY-2005,5
SHREDIGCEM,Shree Digvijay Cement Co.Ltd,EQ,28-JAN-2020,10
SHREECEM,SHREE CEMENT LIMITED,EQ,26-APR-1995,10
SHREEPUSHK,Shree Pushkar Chemicals & Fertilisers Limited,BE,10-SEP-2015,10
SHREYAS,Shreyas Shipping & Logistics Limited,EQ,01-MAR-1995,10
SHRIRAMFIN,Shriram Finance Limited,EQ,11-DEC-1996,10
SHRIRAMPPS,Shriram Properties Limited,EQ,20-DEC-2021,10
SHYAMMETL,Shyam Metalics and Energy Limited,EQ,24-JUN-2021,10
SIEMENS,Siemens Limited,EQ,06-SEP-1995,2
SIGACHI,Sigachi Industries Limited,EQ,15-NOV-2021,1
SIGMA,Sigma Solve Limited,EQ,09-JUN-2023,10
SILINV,SIL Investments Limited,EQ,22-MAY-1996,10
SILVERTUC,Silver Touch Technologies Limited,EQ,12-MAY-2022,10
SINTERCOM,Sintercom India Limited,EQ,07-OCT-2020,10
SIRCA,Sirca Paints India Limited,EQ,22-JUL-2019,10
SIS,SIS LIMITED,EQ,10-AUG-2017,5
SIYSIL,Siyaram Silk Mills Limited,EQ,29-JAN-2007,2
SJS,S.J.S. Enterprises Limited,EQ,15-NOV-2021,10
SJVN,SJVN Limited,EQ,20-MAY-2010,10
SKFINDIA,SKF India Limited,EQ,27-JAN-1999,10
SKIPPER,Skipper Limited,EQ,27-MAY-2015,1
SKMEGGPROD,SKM Egg Products Export (India) Limited,EQ,14-MAR-1997,10
SMCGLOBAL,SMC Global Securities Limited,EQ,24-FEB-2021,2
SMLISUZU,SML Isuzu Limited,EQ,29-AUG-2003,10
SMSPHARMA,SMS Pharmaceuticals Limited,EQ,28-FEB-2007,1
SNOWMAN,Snowman Logistics Limited,EQ,12-SEP-2014,10
SOBHA,Sobha Limited,EQ,20-DEC-2006,10
SOLARINDS,Solar Industries India Limited,EQ,03-APR-2006,2
SOMANYCERA,Somany Ceramics Limited,EQ,22-NOV-1995,2
SONACOMS,Sona BLW Precision Forgings Limited,EQ,24-JUN-2021,10
SONATSOFTW,Sonata Software Limited,EQ,28-JUL-1999,1
SOTL,Savita Oil Technologies Limited,EQ,28-JUN-1995,2
SOUTHBANK,The South Indian Bank Limited,EQ,08-DEC-1998,1
SPAL,S. P. Apparels Limited,EQ,12-AUG-2016,10
SPANDANA,Spandana Sphoorty Financial Limited,EQ,19-AUG-2019,10
SPCENET,Spacenet Enterprises India Limited,EQ,10-JAN-2017,1
SPECIALITY,Speciality Restaurants Limited,EQ,30-MAY-2012,10
SPENCERS,Spencer's Retail Limited,EQ,25-JAN-2019,5
SPIC,Southern Petrochemicals Industries Corporation  Limited,EQ,10-JAN-1996,10
SPLIL,SPL Industries Limited,EQ,26-JUL-2005,10
SPLPETRO,Supreme Petrochem Limited,EQ,24-MAY-2022,2
SPORTKING,Sportking India Limited,EQ,24-AUG-2022,10
SREEL,Sreeleathers Limited,EQ,01-JAN-2014,10
SRF,SRF Limited,EQ,18-AUG-2003,10
SRGHFL,SRG Housing Finance Limited,EQ,21-AUG-2023,10
SRHHYPOLTD,Sree Rayalaseema Hi-Strength Hypo Limited,EQ,08-MAY-2007,10
SSWL,Steel Strips Wheels Limited,EQ,06-JUN-2005,1
STAR,Strides Pharma Science Limited,EQ,02-FEB-2000,10
STARCEMENT,Star Cement Limited,EQ,16-JUN-2017,1
STARHEALTH,Star Health and Allied Insurance Company Limited,EQ,10-DEC-2021,10
STARPAPER,Star Paper Mills Limited,EQ,13-SEP-1995,10
STCINDIA,The State Trading Corporation of India Limited,EQ,01-APR-2003,10
STEELCAS,Steelcast Limited,EQ,23-NOV-2021,5
STEELCITY,Steel City Securities Limited,EQ,27-JUN-2019,10
STEELXIND,STEEL EXCHANGE INDIA LIMITED,EQ,20-JUL-2017,1
STERTOOLS,Sterling Tools Limited,EQ,02-FEB-2006,2
STLTECH,Sterlite Technologies Limited,EQ,08-DEC-2000,2
STOVEKRAFT,Stove Kraft Limited,EQ,05-FEB-2021,10
STYLAMIND,Stylam Industries Limited,EQ,02-AUG-2021,5
STYRENIX,Styrenix Performance Materials Limited,EQ,29-MAR-1995,10
SUBEXLTD,Subex Limited,EQ,05-NOV-2020,5
SUBROS,Subros Limited,EQ,13-JUL-2005,2
SUDARSCHEM,Sudarshan Chemical Industries Limited,EQ,25-MAY-1995,2
SUKHJITS,Sukhjit Starch & Chemicals Limited,EQ,07-NOV-2022,10
SULA,Sula Vineyards Limited,EQ,22-DEC-2022,2
SUMICHEM,Sumitomo Chemical India Limited,EQ,27-JAN-2020,10
SUMMITSEC,Summit Securities Limited,EQ,28-JAN-2011,10
SUNDARMFIN,Sundaram Finance Limited,EQ,07-JAN-1998,10
SUNDARMHLD,Sundaram Finance Holdings Limited,EQ,26-MAR-2018,5
SUNDRMFAST,Sundram Fasteners Limited,EQ,07-JUN-2000,1
SUNFLAG,Sunflag Iron And Steel Company Limited,EQ,29-SEP-2005,10
SUNPHARMA,Sun Pharmaceutical Industries Limited,EQ,08-FEB-1995,1
SUNTECK,Sunteck Realty Limited,EQ,13-NOV-2009,1
SUNTV,Sun TV Network Limited,EQ,24-APR-2006,5
SUPERHOUSE,Superhouse Limited,EQ,26-SEP-2014,10
SUPRAJIT,Suprajit Engineering Limited,EQ,18-FEB-2005,1
SUPREMEIND,Supreme Industries Limited,EQ,19-JUL-1995,2
SUPRIYA,Supriya Lifescience Limited,EQ,28-DEC-2021,2
SURYALAXMI,Suryalakshmi Cotton Mills Limited,EQ,15-JUN-2005,10
SURYAROSNI,Surya Roshni Limited,EQ,10-MAY-1995,5
SURYODAY,Suryoday Small Finance Bank Limited,EQ,26-MAR-2021,10
SUTLEJTEX,Sutlej Textiles and Industries Limited,EQ,14-DEC-2006,1
SUVENPHAR,Suven Pharmaceuticals Limited,EQ,09-MAR-2020,1
SWANENERGY,Swan Energy Limited,EQ,29-MAY-2012,1
SWARAJENG,Swaraj Engines Limited,EQ,06-DEC-1995,10
SWELECTES,Swelect Energy Systems Limited,EQ,09-MAY-2006,10
SYMPHONY,Symphony Limited,EQ,15-JUN-2011,2
SYNGENE,Syngene International Limited,EQ,11-AUG-2015,10
SYRMA,Syrma SGS Technology Limited,EQ,26-AUG-2022,10
TAJGVK,Taj GVK Hotels & Resorts Limited,EQ,20-DEC-2000,2
TANLA,Tanla Platforms Limited,EQ,05-JAN-2007,1
TARSONS,Tarsons Products Limited,EQ,26-NOV-2021,2
TASTYBITE,Tasty Bite Eatables Limited,EQ,23-MAR-2017,10
TATACHEM,Tata Chemicals Limited,EQ,01-APR-1999,10
TATACOMM,Tata Communications Limited,EQ,12-APR-1995,10
TATACONSUM,TATA CONSUMER PRODUCTS LIMITED,EQ,18-NOV-1998,1
TATAELXSI,Tata Elxsi Limited,EQ,17-SEP-2003,10
TATAMOTORS,Tata Motors Limited,EQ,22-JUL-1998,2
TATAPOWER,Tata Power Company Limited,EQ,03-APR-1996,1
TATASTEEL,Tata Steel Limited,EQ,18-NOV-1998,1
TATVA,Tatva Chintan Pharma Chem Limited,EQ,29-JUL-2021,10
TBZ,Tribhovandas Bhimji Zaveri Limited,EQ,09-MAY-2012,10
TCI,Transport Corporation of India Limited,EQ,21-JAN-2002,2
TCIEXP,TCI Express Limited,EQ,15-DEC-2016,2
TCPLPACK,TCPL Packaging Limited,EQ,17-OCT-2017,10
TCS,Tata Consultancy Services Limited,EQ,25-AUG-2004,1
TDPOWERSYS,TD Power Systems Limited,EQ,08-SEP-2011,2
TEAMLEASE,Teamlease Services Limited,EQ,12-FEB-2016,10
TECHM,Tech Mahindra Limited,EQ,28-AUG-2006,5
TEGA,Tega Industries Limited,EQ,13-DEC-2021,10
TEJASNET,Tejas Networks Limited,EQ,27-JUN-2017,10
TEMBO,Tembo Global Industries Limited,BE,23-APR-2021,10
TEXINFRA,Texmaco Infrastructure & Holdings Limited,EQ,09-SEP-2004,1
TEXRAIL,Texmaco Rail & Engineering Limited,EQ,03-MAR-2011,1
TFCILTD,Tourism Finance Corporation of India Limited,EQ,26-JUL-2000,10
THANGAMAYL,Thangamayil Jewellery Limited,EQ,19-FEB-2010,10
THEMISMED,Themis Medicare Limited,EQ,02-APR-2007,1
THERMAX,Thermax Limited,EQ,30-AUG-1995,2
THYROCARE,Thyrocare Technologies Limited,EQ,09-MAY-2016,10
TI,Tilaknagar Industries Limited,EQ,16-JUL-2010,10
TIDEWATER,Tide Water Oil Company (India) Limited,EQ,16-JAN-2007,2
TIIL,Technocraft Industries (India) Limited,EQ,12-FEB-2007,10
TIINDIA,Tube Investments of India Limited,EQ,02-NOV-2017,1
TIMETECHNO,Time Technoplast Limited,EQ,13-JUN-2007,1
TIMKEN,Timken India Limited,EQ,06-FEB-2007,10
TIPSINDLTD,TIPS Industries Limited,EQ,10-NOV-2000,1
TIRUMALCHM,Thirumalai Chemicals Limited,EQ,14-MAY-2003,1
TITAGARH,TITAGARH RAIL SYSTEMS LIMITED,EQ,21-APR-2008,2
TITAN,Titan Company Limited,EQ,24-SEP-2004,1
TMB,Tamilnad Mercantile Bank Limited,EQ,15-SEP-2022,10
TNPETRO,Tamilnadu PetroProducts Limited,EQ,27-OCT-1999,10
TNPL,Tamil Nadu Newsprint & Papers Limited,EQ,14-FEB-1996,10
TOKYOPLAST,Tokyo Plast International Limited,BE,11-OCT-1995,10
TORNTPHARM,Torrent Pharmaceuticals Limited,EQ,25-NOV-2002,5
TORNTPOWER,Torrent Power Limited,EQ,28-NOV-2006,10
TRACXN,Tracxn Technologies Limited,EQ,20-OCT-2022,1
TREL,Transindia Real Estate Limited,EQ,10-AUG-2023,2
TRENT,Trent Limited,EQ,07-JUN-2004,1
TRIDENT,Trident Limited,EQ,21-FEB-2001,1
TRITURBINE,Triveni Turbine Limited,EQ,28-OCT-2011,1
TRIVENI,Triveni Engineering & Industries Limited,EQ,13-DEC-2005,1
TRU,TruCap Finance Limited,EQ,20-JUN-2023,2
TTKHLTCARE,TTK Healthcare Limited,EQ,02-DEC-2015,10
TTKPRESTIG,TTK Prestige Limited,EQ,22-DEC-1999,1
TTL,T T Limited,EQ,22-FEB-2007,10
TTML,Tata Teleservices (Maharashtra) Limited,EQ,20-OCT-2000,10
TVSELECT,TVS Electronics Limited,BE,26-DEC-2003,10
TVSHLTD,TVS Holdings Limited,EQ,23-OCT-2012,5
TVSMOTOR,TVS Motor Company Limited,EQ,02-AUG-2000,1
TVSSCS,TVS Supply Chain Solutions Limited,EQ,23-AUG-2023,1
TVSSRICHAK,TVS Srichakra Limited,EQ,13-FEB-2007,10
TVTODAY,TV Today Network Limited,EQ,16-JAN-2004,5
UBL,United Breweries Limited,EQ,28-JUL-2008,1
UCOBANK,UCO Bank,EQ,09-OCT-2003,10
UFLEX,UFLEX Limited,EQ,23-AUG-1995,10
UGARSUGAR,The Ugar Sugar Works Limited,EQ,23-AUG-2010,1
UGROCAP,Ugro Capital Limited,EQ,11-AUG-2021,10
UJJIVANSFB,Ujjivan Small Finance Bank Limited,EQ,12-DEC-2019,10
ULTRACEMCO,UltraTech Cement Limited,EQ,24-AUG-2004,10
UNICHEMLAB,Unichem Laboratories Limited,EQ,07-FEB-2001,2
UNIDT,United Drilling Tools Limited,EQ,25-SEP-2020,10
UNIENTER,Uniphos Enterprises Limited,EQ,23-JAN-2004,2
UNIONBANK,Union Bank of India,EQ,24-SEP-2002,10
UNIPARTS,Uniparts India Limited,EQ,12-DEC-2022,10
UNITDSPR,United Spirits Limited,EQ,27-SEP-2001,2
UNITEDTEA,The United Nilgiri Tea Estates Company Limited,EQ,28-JAN-2015,10
UNIVCABLES,Universal Cables Limited,EQ,17-MAY-1995,10
UNIVPHOTO,Universus Photo Imagings Limited,EQ,14-FEB-2020,10
UNOMINDA,UNO Minda Limited,EQ,02-FEB-2007,2
UPL,UPL Limited,EQ,23-JAN-2004,2
USHAMART,Usha Martin Limited,EQ,11-OCT-2000,1
UTIAMC,UTI Asset Management Company Limited,EQ,12-OCT-2020,10
UTKARSHBNK,Utkarsh Small Finance Bank Limited,EQ,21-JUL-2023,10
UTTAMSUGAR,Uttam Sugar Mills Limited,EQ,10-APR-2006,10
VADILALIND,Vadilal Industries Limited,EQ,15-JUN-2011,10
VAIBHAVGBL,Vaibhav Global Limited,EQ,05-APR-2004,2
VAISHALI,Vaishali Pharma Limited,EQ,15-JAN-2020,10
VAKRANGEE,Vakrangee Limited,EQ,03-APR-2006,1
VALIANTORG,Valiant Organics Limited,EQ,23-JUL-2021,10
VARDHACRLC,Vardhman Acrylics Limited,EQ,30-SEP-2003,10
VARROC,Varroc Engineering Limited,EQ,06-JUL-2018,1
VASCONEQ,Vascon Engineers Limited,EQ,15-FEB-2010,10
VBL,Varun Beverages Limited,EQ,08-NOV-2016,5
VEDL,Vedanta Limited,EQ,13-MAY-1998,1
VENKEYS,Venky's (India) Limited,EQ,28-JUL-2003,10
VENUSPIPES,Venus Pipes & Tubes Limited,EQ,24-MAY-2022,10
VESUVIUS,Vesuvius India Limited,EQ,04-OCT-2002,10
VETO,Veto Switchgears And Cables Limited,BE,29-APR-2015,10
VGUARD,V-Guard Industries Limited,EQ,13-MAR-2008,1
VHL,Vardhman Holdings Limited,EQ,30-JUN-2005,10
VIDHIING,Vidhi Specialty Food Ingredients Limited,EQ,02-MAR-2016,1
VIJAYA,Vijaya Diagnostic Centre Limited,EQ,14-SEP-2021,1
VIMTALABS,Vimta Labs Limited,EQ,15-DEC-2005,2
VINATIORGA,Vinati Organics Limited,EQ,28-JUL-2009,1
VINDHYATEL,Vindhya Telelinks Limited,EQ,08-FEB-1995,10
VINYLINDIA,Vinyl Chemicals (India) Limited,EQ,21-JUL-2008,1
VIPIND,VIP Industries Limited,EQ,02-MAR-2005,2
VISAKAIND,Visaka Industries Limited,EQ,28-AUG-1996,2
VISHNU,Vishnu Chemicals Limited,EQ,05-MAR-2015,2
VISHWARAJ,Vishwaraj Sugar Industries Limited,EQ,15-OCT-2019,2
VLSFINANCE,VLS Finance Limited,EQ,25-MAY-1995,10
VMART,V-Mart Retail Limited,EQ,20-FEB-2013,10
VOLTAMP,Voltamp Transformers Limited,EQ,20-SEP-2006,10
VOLTAS,Voltas Limited,EQ,12-APR-1995,1
VPRPL,Vishnu Prakash R Punglia Limited,EQ,05-SEP-2023,10
VRLLOG,VRL Logistics Limited,EQ,30-APR-2015,10
VSSL,Vardhman Special Steels Limited,EQ,17-MAY-2012,10
VSTIND,VST Industries Limited,EQ,05-SEP-2003,10
VSTTILLERS,V.S.T Tillers Tractors Limited,EQ,20-JUN-2011,10
VTL,Vardhman Textiles Limited,EQ,14-JAN-2003,2
WABAG,VA Tech Wabag Limited,EQ,13-OCT-2010,2
WELCORP,Welspun Corp Limited,EQ,24-MAY-2005,5
WELENT,Welspun Enterprises Limited,EQ,04-NOV-2004,10
WELSPUNLIV,Welspun Living Limited,EQ,04-DEC-2003,1
WENDT,Wendt (India) Limited,EQ,07-AUG-2006,10
WESTLIFE,WESTLIFE FOODWORLD LIMITED,EQ,05-JUN-2023,2
WHEELS,Wheels India Limited,EQ,07-APR-2000,10
WHIRLPOOL,Whirlpool of India Limited,EQ,06-APR-2010,10
WINDLAS,Windlas Biotech Limited,EQ,16-AUG-2021,5
WIPRO,Wipro Limited,EQ,08-NOV-1995,2
WONDERLA,Wonderla Holidays Limited,EQ,09-MAY-2014,10
WORTH,Worth Peripherals Limited,EQ,04-AUG-2020,10
WSTCSTPAPR,West Coast Paper Mills Limited,EQ,17-JAN-2001,2
XCHANGING,Xchanging Solutions Limited,EQ,09-MAR-2005,10
XPROINDIA,Xpro India Limited,EQ,27-APR-2004,10
YASHO,Yasho Industries Limited,EQ,21-AUG-2023,10
YATHARTH,Yatharth Hospital & Trauma Care Services Limited,EQ,07-AUG-2023,10
YESBANK,Yes Bank Limited,EQ,12-JUL-2005,2
YUKEN,Yuken India Limited,EQ,02-SEP-2021,10
ZAGGLE,Zaggle Prepaid Ocean Services Limited,EQ,22-SEP-2023,1
ZEEL,Zee Entertainment Enterprises Limited,EQ,09-SEP-1998,1
ZEEMEDIA,Zee Media Corporation Limited,EQ,10-JAN-2007,1
ZENSARTECH,Zensar Technologies Limited,EQ,09-JUL-2003,2
ZFCVINDIA,ZF Commercial Vehicle Control Systems India Limited,EQ,01-OCT-2008,5
ZIMLAB,Zim Laboratories Limited,EQ,25-NOV-2022,10
ZOMATO,Zomato Limited,EQ,23-JUL-2021,1
ZOTA,Zota Health Care LImited,EQ,19-AUG-2019,10
ZUARI,Zuari Agro Chemicals Limited,EQ,27-NOV-2012,10
ZUARIIND,ZUARI INDUSTRIES LIMITED,EQ,12-APR-1995,10
ZYDUSLIFE,Zydus Lifesciences Limited,EQ,18-APR-2000,1
ZYDUSWELL,Zydus Wellness Limited,EQ,13-NOV-2009,10
